INSERT INTO rola (id_roli, rola) VALUES (1, 'ADMIN');
INSERT INTO rola (id_roli, rola) VALUES (2, 'USER');


INSERT INTO uzytkownik (id_uzytkownika, email, haslo, imie, nazwisko, active, ankieta) VALUES (1, 'admin@admin', '$2a$10$Anb7jpgtB7VNkiHyV0kvWuYgHsHwKRQMPzQ.EOZLGXgnj/8bSzfha', 'admin', 'admin', 1, false);


INSERT INTO uzytkownik_rola(id_uzytkownika, id_roli) VALUES (1, 1);
INSERT INTO uzytkownik_rola (id_uzytkownika, id_roli) VALUES (1, 2);


INSERT INTO wydzial (id_wydzialu, nazwa, adres, logo, strona) VALUES (1, 'Wydzial Zarzadzania', 'Powstancow Warszawy','https://i.imgur.com/9CvNI8s.png','https://wz.prz.edu.pl');
INSERT INTO wydzial (id_wydzialu, nazwa, adres, logo, strona) VALUES (2, 'Wydzial Elektrotechniki i Informatyki', 'Wincentego Pola','https://i.imgur.com/edzJJAO.png','https://weii.prz.edu.pl');
INSERT INTO wydzial (id_wydzialu, nazwa, adres, logo, strona) VALUES (3, 'Wydzial Budowy Maszyn i Lotnictwa', 'Powstancow Warszawy','https://i.imgur.com/4QVJ8gk.png','https://wbmil.prz.edu.pl');
INSERT INTO wydzial (id_wydzialu, nazwa, adres, logo, strona) VALUES (4, 'Wydzial Budownictwa, Inzynierii Srodowiska i Architektury', 'Poznańska','https://i.imgur.com/rEQe7Ay.png','https://wbisia.prz.edu.pl');
INSERT INTO wydzial (id_wydzialu, nazwa, adres, logo, strona) VALUES (5, 'Wydzial Chemiczny', 'Powstancow Warszawy','https://i.imgur.com/gzvunOq.png','https://wch.prz.edu.pl');
INSERT INTO wydzial (id_wydzialu, nazwa, adres, logo, strona) VALUES (6, 'Wydzial Matematyki i Fizyka stosowanej', 'Powstancow Warszawy','https://i.imgur.com/qfsYmYM.png','https://wmifs.prz.edu.pl');
INSERT INTO wydzial (id_wydzialu, nazwa, adres, logo, strona) VALUES (7, 'Wydzial Mechaniczno Technologiczny', 'Kwiatkowskiego','https://i.imgur.com/wqpEjtI.png','https://wmt.prz.edu.pl');


INSERT INTO kierunek (id_kierunku, id_wydzialu, nazwa, opis) VALUES (1, 1, 'Bezpieczeństwo wewnętrzne', 'brak opisu');
INSERT INTO kierunek (id_kierunku, id_wydzialu, nazwa, opis) VALUES (2, 1, 'Finanse i rachunkowość', 'brak opisu');
INSERT INTO kierunek (id_kierunku, id_wydzialu, nazwa, opis) VALUES (3, 1, 'Logistyka', 'brak opisu');
INSERT INTO kierunek (id_kierunku, id_wydzialu, nazwa, opis) VALUES (4, 1, 'Zarządzanie', 'brak opisu');
INSERT INTO kierunek (id_kierunku, id_wydzialu, nazwa, opis) VALUES (5, 2, 'Automatyka i robotyka', 'brak opisu');
INSERT INTO kierunek (id_kierunku, id_wydzialu, nazwa, opis) VALUES (6, 2, 'Elektronika i telekomunikacja', 'brak opisu');
INSERT INTO kierunek (id_kierunku, id_wydzialu, nazwa, opis) VALUES (7, 2, 'Elektrotechnika', 'brak opisu');
INSERT INTO kierunek (id_kierunku, id_wydzialu, nazwa, opis) VALUES (8, 2, 'Energetyka', 'brak opisu');
INSERT INTO kierunek (id_kierunku, id_wydzialu, nazwa, opis) VALUES (9, 2, 'Informatyka', 'brak opisu');
INSERT INTO kierunek (id_kierunku, id_wydzialu, nazwa, opis) VALUES (10, 3, 'Mechanika i budowa maszyn', 'brak opisu');
INSERT INTO kierunek (id_kierunku, id_wydzialu, nazwa, opis) VALUES (11, 3, 'Zarządzanie i inżynieria produkcji', 'brak opisu');
INSERT INTO kierunek (id_kierunku, id_wydzialu, nazwa, opis) VALUES (12, 3, 'Lotnictwo i kosmonautyka', 'brak opisu');
INSERT INTO kierunek (id_kierunku, id_wydzialu, nazwa, opis) VALUES (13, 3, 'Transport', 'brak opisu');
INSERT INTO kierunek (id_kierunku, id_wydzialu, nazwa, opis) VALUES (14, 3, 'Mechatronika', 'brak opisu');
INSERT INTO kierunek (id_kierunku, id_wydzialu, nazwa, opis) VALUES (15, 3, 'Inżynieria materiałowa', 'brak opisu');
INSERT INTO kierunek (id_kierunku, id_wydzialu, nazwa, opis) VALUES (16, 4, 'Architektura', 'brak opisu');
INSERT INTO kierunek (id_kierunku, id_wydzialu, nazwa, opis) VALUES (17, 4, 'Budownictwo', 'brak opisu');
INSERT INTO kierunek (id_kierunku, id_wydzialu, nazwa, opis) VALUES (18, 4, 'Ochrona środowiska', 'brak opisu');
INSERT INTO kierunek (id_kierunku, id_wydzialu, nazwa, opis) VALUES (19, 4, 'Inżynieria środowiska', 'brak opisu');
INSERT INTO kierunek (id_kierunku, id_wydzialu, nazwa, opis) VALUES (20, 4, 'Biogospodarka', 'brak opisu');
INSERT INTO kierunek (id_kierunku, id_wydzialu, nazwa, opis) VALUES (21, 5, 'Technologia chemiczna', 'brak opisu');
INSERT INTO kierunek (id_kierunku, id_wydzialu, nazwa, opis) VALUES (22, 5, 'Inżynieria chemiczna i procesowa', 'brak opisu');
INSERT INTO kierunek (id_kierunku, id_wydzialu, nazwa, opis) VALUES (23, 5, 'Biotechnologia', 'brak opisu');
INSERT INTO kierunek (id_kierunku, id_wydzialu, nazwa, opis) VALUES (24, 6, 'Inżynieria medyczna', 'brak opisu');
INSERT INTO kierunek (id_kierunku, id_wydzialu, nazwa, opis) VALUES (25, 6, 'Zastosowane matematyki w ekonomii', 'brak opisu');
INSERT INTO kierunek (id_kierunku, id_wydzialu, nazwa, opis) VALUES (26, 7, 'Mechanika i budowa maszyn', 'brak opisu');
INSERT INTO kierunek (id_kierunku, id_wydzialu, nazwa, opis) VALUES (27, 7, 'Zarządzanie i inżynieria produkcji', 'brak opisu');


INSERT INTO pytanie (id_pytania , tresc) VALUES (1, 'Jak oceniasz swoje umiejetności dogadywania się z ludzmi?');
INSERT INTO pytanie (id_pytania , tresc) VALUES (2, 'Twoim zdaniem umiejetności miękkie są ważniejsze?');
INSERT INTO pytanie (id_pytania , tresc) VALUES (3, 'Czy czujesz się dobrze kiedy występujesz publicznie?');
INSERT INTO pytanie (id_pytania , tresc) VALUES (4, 'Twoim zdaniem posiadasz umiejetności motywowania innych do działania?');
INSERT INTO pytanie (id_pytania , tresc) VALUES (5, 'Uważasz że sport zajmuje duża część twojego życia?');
INSERT INTO pytanie (id_pytania , tresc) VALUES (6, 'Uważasz że posiadasz inteligencje kognitywna?');
INSERT INTO pytanie (id_pytania , tresc) VALUES (7, 'Masz wyobrażenie przestrzenne?');
INSERT INTO pytanie (id_pytania , tresc) VALUES (8, 'Jesteś osoba dokładną?');
INSERT INTO pytanie (id_pytania , tresc) VALUES (9, 'Robisz drobne, złożone rzeczy? ');
INSERT INTO pytanie (id_pytania , tresc) VALUES (10, 'Lubisz latać samolotem?');
INSERT INTO pytanie (id_pytania , tresc) VALUES (11, 'Posiadasz zdolności manualne?');
INSERT INTO pytanie (id_pytania , tresc) VALUES (12, 'Interesuję Cię modernizacja, budowa?');
INSERT INTO pytanie (id_pytania , tresc) VALUES (13, 'Montujesz i naprawiasz różne maszyny , przyrządy i mechanizmy?');
INSERT INTO pytanie (id_pytania , tresc) VALUES (14, 'Czy często wpadasz na ciekawe pomysły?');
INSERT INTO pytanie (id_pytania , tresc) VALUES (15, 'Czy lubisz projektować?');
INSERT INTO pytanie (id_pytania , tresc) VALUES (16, 'Czy dbasz o środowisko?');
INSERT INTO pytanie (id_pytania , tresc) VALUES (17, 'Jesteś dokładny w tym co robisz?');
INSERT INTO pytanie (id_pytania , tresc) VALUES (18, 'Czy masz wyczucie stylu i estetyki?');
INSERT INTO pytanie (id_pytania , tresc) VALUES (19, 'Jesteś osobą dokładna, precyzyjna? ');
INSERT INTO pytanie (id_pytania , tresc) VALUES (20, 'Posiadasz podzielność uwagi?');
INSERT INTO pytanie (id_pytania , tresc) VALUES (21, 'Potrafisz uczyć się systematycznie?');
INSERT INTO pytanie (id_pytania , tresc) VALUES (22, 'Jesteś ambitny?');
INSERT INTO pytanie (id_pytania , tresc) VALUES (23, 'Masz dobrą pamieć?');
INSERT INTO pytanie (id_pytania , tresc) VALUES (24, 'Posiadasz zdolnosci manualne?');
INSERT INTO pytanie (id_pytania , tresc) VALUES (25, 'Jesteś osobą porywczą?');
INSERT INTO pytanie (id_pytania , tresc) VALUES (26, 'W jakim stopniu jesteś osobą cierpliwa?');
INSERT INTO pytanie (id_pytania , tresc) VALUES (27, 'Jak bardzo lubisz pracować z komputerem?');
INSERT INTO pytanie (id_pytania , tresc) VALUES (28, 'Oceń czy potrafisz skoncentrować się na jednostajnych czynnościach.');
INSERT INTO pytanie (id_pytania , tresc) VALUES (29, 'W jakim stopniu potrafisz słuchac innych?');
INSERT INTO pytanie (id_pytania , tresc) VALUES (30, 'Jak bardzo jesteś osobą skryta w sobie? ');
INSERT INTO pytanie (id_pytania , tresc) VALUES (31, 'W jakim stopniu masz opanowaną sztukę prowadzenia prezentacji?');
INSERT INTO pytanie (id_pytania , tresc) VALUES (32, 'Oceń jak radzisz sobie z praca z zespołem.');
INSERT INTO pytanie (id_pytania , tresc) VALUES (33, 'Oceń jak bardzo jesteś ruchliwą osobą.');
INSERT INTO pytanie (id_pytania , tresc) VALUES (34, 'Czy posiadasz ścisły umysł?');
INSERT INTO pytanie (id_pytania , tresc) VALUES (35, 'Myslisz w sposób analityczny?');
INSERT INTO pytanie (id_pytania , tresc) VALUES (36, 'Lubisz uczyć się systematycznie?');
INSERT INTO pytanie (id_pytania , tresc) VALUES (37, 'Lubisz rozwiązywać zadania obliczeniowe?');
INSERT INTO pytanie (id_pytania , tresc) VALUES (38, 'Jesteś dobrym słuchaczem i łatwo przyswajasz wiedzę?');
INSERT INTO pytanie (id_pytania , tresc) VALUES (39, 'Działasz szybko i sprawnie?');
INSERT INTO pytanie (id_pytania , tresc) VALUES (40, 'Czy uważasz że odnawianie starych samochodów to dobre hobby?');
INSERT INTO pytanie (id_pytania , tresc) VALUES (41, 'Twoim zdaniem posiadasz dobrze rozwinięte zdolności manualne?');


INSERT INTO odpowiedz_uzytkownika (id_odpowiedzi_uzytkownika, wartosc, id_pytania, id_uzytkownika) VALUES (1, 0, 1, 1);
INSERT INTO odpowiedz_uzytkownika (id_odpowiedzi_uzytkownika, wartosc, id_pytania, id_uzytkownika) VALUES (2, 0, 2, 1);
INSERT INTO odpowiedz_uzytkownika (id_odpowiedzi_uzytkownika, wartosc, id_pytania, id_uzytkownika) VALUES (3, 0, 3, 1);
INSERT INTO odpowiedz_uzytkownika (id_odpowiedzi_uzytkownika, wartosc, id_pytania, id_uzytkownika) VALUES (4, 0, 4, 1);
INSERT INTO odpowiedz_uzytkownika (id_odpowiedzi_uzytkownika, wartosc, id_pytania, id_uzytkownika) VALUES (5, 0, 5, 1);
INSERT INTO odpowiedz_uzytkownika (id_odpowiedzi_uzytkownika, wartosc, id_pytania, id_uzytkownika) VALUES (6, 0, 6, 1);
INSERT INTO odpowiedz_uzytkownika (id_odpowiedzi_uzytkownika, wartosc, id_pytania, id_uzytkownika) VALUES (7, 0, 7, 1);
INSERT INTO odpowiedz_uzytkownika (id_odpowiedzi_uzytkownika, wartosc, id_pytania, id_uzytkownika) VALUES (8, 0, 8, 1);
INSERT INTO odpowiedz_uzytkownika (id_odpowiedzi_uzytkownika, wartosc, id_pytania, id_uzytkownika) VALUES (9, 0, 9, 1);
INSERT INTO odpowiedz_uzytkownika (id_odpowiedzi_uzytkownika, wartosc, id_pytania, id_uzytkownika) VALUES (10, 0, 10, 1);
INSERT INTO odpowiedz_uzytkownika (id_odpowiedzi_uzytkownika, wartosc, id_pytania, id_uzytkownika) VALUES (11, 0, 11, 1);
INSERT INTO odpowiedz_uzytkownika (id_odpowiedzi_uzytkownika, wartosc, id_pytania, id_uzytkownika) VALUES (12, 0, 12, 1);
INSERT INTO odpowiedz_uzytkownika (id_odpowiedzi_uzytkownika, wartosc, id_pytania, id_uzytkownika) VALUES (13, 0, 13, 1);
INSERT INTO odpowiedz_uzytkownika (id_odpowiedzi_uzytkownika, wartosc, id_pytania, id_uzytkownika) VALUES (14, 0, 14, 1);
INSERT INTO odpowiedz_uzytkownika (id_odpowiedzi_uzytkownika, wartosc, id_pytania, id_uzytkownika) VALUES (15, 0, 15, 1);
INSERT INTO odpowiedz_uzytkownika (id_odpowiedzi_uzytkownika, wartosc, id_pytania, id_uzytkownika) VALUES (16, 0, 16, 1);
INSERT INTO odpowiedz_uzytkownika (id_odpowiedzi_uzytkownika, wartosc, id_pytania, id_uzytkownika) VALUES (17, 0, 17, 1);
INSERT INTO odpowiedz_uzytkownika (id_odpowiedzi_uzytkownika, wartosc, id_pytania, id_uzytkownika) VALUES (18, 0, 18, 1);
INSERT INTO odpowiedz_uzytkownika (id_odpowiedzi_uzytkownika, wartosc, id_pytania, id_uzytkownika) VALUES (19, 0, 19, 1);
INSERT INTO odpowiedz_uzytkownika (id_odpowiedzi_uzytkownika, wartosc, id_pytania, id_uzytkownika) VALUES (20, 0, 20, 1);
INSERT INTO odpowiedz_uzytkownika (id_odpowiedzi_uzytkownika, wartosc, id_pytania, id_uzytkownika) VALUES (21, 0, 21, 1);
INSERT INTO odpowiedz_uzytkownika (id_odpowiedzi_uzytkownika, wartosc, id_pytania, id_uzytkownika) VALUES (22, 0, 22, 1);
INSERT INTO odpowiedz_uzytkownika (id_odpowiedzi_uzytkownika, wartosc, id_pytania, id_uzytkownika) VALUES (23, 0, 23, 1);
INSERT INTO odpowiedz_uzytkownika (id_odpowiedzi_uzytkownika, wartosc, id_pytania, id_uzytkownika) VALUES (24, 0, 24, 1);
INSERT INTO odpowiedz_uzytkownika (id_odpowiedzi_uzytkownika, wartosc, id_pytania, id_uzytkownika) VALUES (25, 0, 25, 1);
INSERT INTO odpowiedz_uzytkownika (id_odpowiedzi_uzytkownika, wartosc, id_pytania, id_uzytkownika) VALUES (26, 0, 26, 1);
INSERT INTO odpowiedz_uzytkownika (id_odpowiedzi_uzytkownika, wartosc, id_pytania, id_uzytkownika) VALUES (27, 0, 27, 1);
INSERT INTO odpowiedz_uzytkownika (id_odpowiedzi_uzytkownika, wartosc, id_pytania, id_uzytkownika) VALUES (28, 0, 28, 1);
INSERT INTO odpowiedz_uzytkownika (id_odpowiedzi_uzytkownika, wartosc, id_pytania, id_uzytkownika) VALUES (29, 0, 29, 1);
INSERT INTO odpowiedz_uzytkownika (id_odpowiedzi_uzytkownika, wartosc, id_pytania, id_uzytkownika) VALUES (30, 0, 30, 1);
INSERT INTO odpowiedz_uzytkownika (id_odpowiedzi_uzytkownika, wartosc, id_pytania, id_uzytkownika) VALUES (31, 0, 31, 1);
INSERT INTO odpowiedz_uzytkownika (id_odpowiedzi_uzytkownika, wartosc, id_pytania, id_uzytkownika) VALUES (32, 0, 32, 1);
INSERT INTO odpowiedz_uzytkownika (id_odpowiedzi_uzytkownika, wartosc, id_pytania, id_uzytkownika) VALUES (33, 0, 33, 1);
INSERT INTO odpowiedz_uzytkownika (id_odpowiedzi_uzytkownika, wartosc, id_pytania, id_uzytkownika) VALUES (34, 0, 34, 1);
INSERT INTO odpowiedz_uzytkownika (id_odpowiedzi_uzytkownika, wartosc, id_pytania, id_uzytkownika) VALUES (35, 0, 35, 1);
INSERT INTO odpowiedz_uzytkownika (id_odpowiedzi_uzytkownika, wartosc, id_pytania, id_uzytkownika) VALUES (36, 0, 36, 1);
INSERT INTO odpowiedz_uzytkownika (id_odpowiedzi_uzytkownika, wartosc, id_pytania, id_uzytkownika) VALUES (37, 0, 37, 1);
INSERT INTO odpowiedz_uzytkownika (id_odpowiedzi_uzytkownika, wartosc, id_pytania, id_uzytkownika) VALUES (38, 0, 38, 1);
INSERT INTO odpowiedz_uzytkownika (id_odpowiedzi_uzytkownika, wartosc, id_pytania, id_uzytkownika) VALUES (39, 0, 39, 1);
INSERT INTO odpowiedz_uzytkownika (id_odpowiedzi_uzytkownika, wartosc, id_pytania, id_uzytkownika) VALUES (40, 0, 40, 1);
INSERT INTO odpowiedz_uzytkownika (id_odpowiedzi_uzytkownika, wartosc, id_pytania, id_uzytkownika) VALUES (41, 0, 41, 1);


INSERT INTO wartosc_oczekiwana (id_wartosci_oczekiwanej, wartosc, id_pytania, id_kierunku) VALUES (1,8,1,1);
INSERT INTO wartosc_oczekiwana (id_wartosci_oczekiwanej, wartosc, id_pytania, id_kierunku) VALUES (1,5,2,1);
INSERT INTO wartosc_oczekiwana (id_wartosci_oczekiwanej, wartosc, id_pytania, id_kierunku) VALUES (1,5,3,1);
INSERT INTO wartosc_oczekiwana (id_wartosci_oczekiwanej, wartosc, id_pytania, id_kierunku) VALUES (1,2,4,1);
INSERT INTO wartosc_oczekiwana (id_wartosci_oczekiwanej, wartosc, id_pytania, id_kierunku) VALUES (1,6,5,1);
INSERT INTO wartosc_oczekiwana (id_wartosci_oczekiwanej, wartosc, id_pytania, id_kierunku) VALUES (1,10,6,1);
INSERT INTO wartosc_oczekiwana (id_wartosci_oczekiwanej, wartosc, id_pytania, id_kierunku) VALUES (1,2,7,1);
INSERT INTO wartosc_oczekiwana (id_wartosci_oczekiwanej, wartosc, id_pytania, id_kierunku) VALUES (1,9,8,1);
INSERT INTO wartosc_oczekiwana (id_wartosci_oczekiwanej, wartosc, id_pytania, id_kierunku) VALUES (1,1,9,1);
INSERT INTO wartosc_oczekiwana (id_wartosci_oczekiwanej, wartosc, id_pytania, id_kierunku) VALUES (1,1,10,1);
INSERT INTO wartosc_oczekiwana (id_wartosci_oczekiwanej, wartosc, id_pytania, id_kierunku) VALUES (1,2,11,1);
INSERT INTO wartosc_oczekiwana (id_wartosci_oczekiwanej, wartosc, id_pytania, id_kierunku) VALUES (1,1,12,1);
INSERT INTO wartosc_oczekiwana (id_wartosci_oczekiwanej, wartosc, id_pytania, id_kierunku) VALUES (1,1,13,1);
INSERT INTO wartosc_oczekiwana (id_wartosci_oczekiwanej, wartosc, id_pytania, id_kierunku) VALUES (1,4,14,1);
INSERT INTO wartosc_oczekiwana (id_wartosci_oczekiwanej, wartosc, id_pytania, id_kierunku) VALUES (1,3,15,1);
INSERT INTO wartosc_oczekiwana (id_wartosci_oczekiwanej, wartosc, id_pytania, id_kierunku) VALUES (1,5,16,1);
INSERT INTO wartosc_oczekiwana (id_wartosci_oczekiwanej, wartosc, id_pytania, id_kierunku) VALUES (1,9,17,1);
INSERT INTO wartosc_oczekiwana (id_wartosci_oczekiwanej, wartosc, id_pytania, id_kierunku) VALUES (1,1,18,1);
INSERT INTO wartosc_oczekiwana (id_wartosci_oczekiwanej, wartosc, id_pytania, id_kierunku) VALUES (1,10,19,1);
INSERT INTO wartosc_oczekiwana (id_wartosci_oczekiwanej, wartosc, id_pytania, id_kierunku) VALUES (1,7,20,1);
INSERT INTO wartosc_oczekiwana (id_wartosci_oczekiwanej, wartosc, id_pytania, id_kierunku) VALUES (1,7,21,1);
INSERT INTO wartosc_oczekiwana (id_wartosci_oczekiwanej, wartosc, id_pytania, id_kierunku) VALUES (1,7,22,1);
INSERT INTO wartosc_oczekiwana (id_wartosci_oczekiwanej, wartosc, id_pytania, id_kierunku) VALUES (1,8,23,1);
INSERT INTO wartosc_oczekiwana (id_wartosci_oczekiwanej, wartosc, id_pytania, id_kierunku) VALUES (1,3,24,1);
INSERT INTO wartosc_oczekiwana (id_wartosci_oczekiwanej, wartosc, id_pytania, id_kierunku) VALUES (1,2,25,1);
INSERT INTO wartosc_oczekiwana (id_wartosci_oczekiwanej, wartosc, id_pytania, id_kierunku) VALUES (1,6,26,1);
INSERT INTO wartosc_oczekiwana (id_wartosci_oczekiwanej, wartosc, id_pytania, id_kierunku) VALUES (1,4,27,1);
INSERT INTO wartosc_oczekiwana (id_wartosci_oczekiwanej, wartosc, id_pytania, id_kierunku) VALUES (1,6,28,1);
INSERT INTO wartosc_oczekiwana (id_wartosci_oczekiwanej, wartosc, id_pytania, id_kierunku) VALUES (1,5,29,1);
INSERT INTO wartosc_oczekiwana (id_wartosci_oczekiwanej, wartosc, id_pytania, id_kierunku) VALUES (1,5,30,1);
INSERT INTO wartosc_oczekiwana (id_wartosci_oczekiwanej, wartosc, id_pytania, id_kierunku) VALUES (1,5,31,1);
INSERT INTO wartosc_oczekiwana (id_wartosci_oczekiwanej, wartosc, id_pytania, id_kierunku) VALUES (1,7,32,1);
INSERT INTO wartosc_oczekiwana (id_wartosci_oczekiwanej, wartosc, id_pytania, id_kierunku) VALUES (1,7,33,1);
INSERT INTO wartosc_oczekiwana (id_wartosci_oczekiwanej, wartosc, id_pytania, id_kierunku) VALUES (1,8,34,1);
INSERT INTO wartosc_oczekiwana (id_wartosci_oczekiwanej, wartosc, id_pytania, id_kierunku) VALUES (1,8,35,1);
INSERT INTO wartosc_oczekiwana (id_wartosci_oczekiwanej, wartosc, id_pytania, id_kierunku) VALUES (1,7,36,1);
INSERT INTO wartosc_oczekiwana (id_wartosci_oczekiwanej, wartosc, id_pytania, id_kierunku) VALUES (1,6,37,1);
INSERT INTO wartosc_oczekiwana (id_wartosci_oczekiwanej, wartosc, id_pytania, id_kierunku) VALUES (1,6,38,1);
INSERT INTO wartosc_oczekiwana (id_wartosci_oczekiwanej, wartosc, id_pytania, id_kierunku) VALUES (1,10,39,1);
INSERT INTO wartosc_oczekiwana (id_wartosci_oczekiwanej, wartosc, id_pytania, id_kierunku) VALUES (1,2,40,1);
INSERT INTO wartosc_oczekiwana (id_wartosci_oczekiwanej, wartosc, id_pytania, id_kierunku) VALUES (1,3,41,1);
INSERT INTO wartosc_oczekiwana (id_wartosci_oczekiwanej, wartosc, id_pytania, id_kierunku) VALUES (1,8,1,2);
INSERT INTO wartosc_oczekiwana (id_wartosci_oczekiwanej, wartosc, id_pytania, id_kierunku) VALUES (1,5,2,2);
INSERT INTO wartosc_oczekiwana (id_wartosci_oczekiwanej, wartosc, id_pytania, id_kierunku) VALUES (1,2,3,2);
INSERT INTO wartosc_oczekiwana (id_wartosci_oczekiwanej, wartosc, id_pytania, id_kierunku) VALUES (1,2,4,2);
INSERT INTO wartosc_oczekiwana (id_wartosci_oczekiwanej, wartosc, id_pytania, id_kierunku) VALUES (1,2,5,2);
INSERT INTO wartosc_oczekiwana (id_wartosci_oczekiwanej, wartosc, id_pytania, id_kierunku) VALUES (1,4,6,2);
INSERT INTO wartosc_oczekiwana (id_wartosci_oczekiwanej, wartosc, id_pytania, id_kierunku) VALUES (1,2,7,2);
INSERT INTO wartosc_oczekiwana (id_wartosci_oczekiwanej, wartosc, id_pytania, id_kierunku) VALUES (1,10,8,2);
INSERT INTO wartosc_oczekiwana (id_wartosci_oczekiwanej, wartosc, id_pytania, id_kierunku) VALUES (1,3,9,2);
INSERT INTO wartosc_oczekiwana (id_wartosci_oczekiwanej, wartosc, id_pytania, id_kierunku) VALUES (1,1,10,2);
INSERT INTO wartosc_oczekiwana (id_wartosci_oczekiwanej, wartosc, id_pytania, id_kierunku) VALUES (1,1,11,2);
INSERT INTO wartosc_oczekiwana (id_wartosci_oczekiwanej, wartosc, id_pytania, id_kierunku) VALUES (1,1,12,2);
INSERT INTO wartosc_oczekiwana (id_wartosci_oczekiwanej, wartosc, id_pytania, id_kierunku) VALUES (1,1,13,2);
INSERT INTO wartosc_oczekiwana (id_wartosci_oczekiwanej, wartosc, id_pytania, id_kierunku) VALUES (1,2,14,2);
INSERT INTO wartosc_oczekiwana (id_wartosci_oczekiwanej, wartosc, id_pytania, id_kierunku) VALUES (1,3,15,2);
INSERT INTO wartosc_oczekiwana (id_wartosci_oczekiwanej, wartosc, id_pytania, id_kierunku) VALUES (1,2,16,2);
INSERT INTO wartosc_oczekiwana (id_wartosci_oczekiwanej, wartosc, id_pytania, id_kierunku) VALUES (1,10,17,2);
INSERT INTO wartosc_oczekiwana (id_wartosci_oczekiwanej, wartosc, id_pytania, id_kierunku) VALUES (1,2,18,2);
INSERT INTO wartosc_oczekiwana (id_wartosci_oczekiwanej, wartosc, id_pytania, id_kierunku) VALUES (1,9,19,2);
INSERT INTO wartosc_oczekiwana (id_wartosci_oczekiwanej, wartosc, id_pytania, id_kierunku) VALUES (1,4,20,2);
INSERT INTO wartosc_oczekiwana (id_wartosci_oczekiwanej, wartosc, id_pytania, id_kierunku) VALUES (1,9,21,2);
INSERT INTO wartosc_oczekiwana (id_wartosci_oczekiwanej, wartosc, id_pytania, id_kierunku) VALUES (1,8,22,2);
INSERT INTO wartosc_oczekiwana (id_wartosci_oczekiwanej, wartosc, id_pytania, id_kierunku) VALUES (1,9,23,2);
INSERT INTO wartosc_oczekiwana (id_wartosci_oczekiwanej, wartosc, id_pytania, id_kierunku) VALUES (1,2,24,2);
INSERT INTO wartosc_oczekiwana (id_wartosci_oczekiwanej, wartosc, id_pytania, id_kierunku) VALUES (1,3,25,2);
INSERT INTO wartosc_oczekiwana (id_wartosci_oczekiwanej, wartosc, id_pytania, id_kierunku) VALUES (1,7,26,2);
INSERT INTO wartosc_oczekiwana (id_wartosci_oczekiwanej, wartosc, id_pytania, id_kierunku) VALUES (1,8,27,2);
INSERT INTO wartosc_oczekiwana (id_wartosci_oczekiwanej, wartosc, id_pytania, id_kierunku) VALUES (1,8,28,2);
INSERT INTO wartosc_oczekiwana (id_wartosci_oczekiwanej, wartosc, id_pytania, id_kierunku) VALUES (1,7,29,2);
INSERT INTO wartosc_oczekiwana (id_wartosci_oczekiwanej, wartosc, id_pytania, id_kierunku) VALUES (1,5,30,2);
INSERT INTO wartosc_oczekiwana (id_wartosci_oczekiwanej, wartosc, id_pytania, id_kierunku) VALUES (1,5,31,2);
INSERT INTO wartosc_oczekiwana (id_wartosci_oczekiwanej, wartosc, id_pytania, id_kierunku) VALUES (1,5,32,2);
INSERT INTO wartosc_oczekiwana (id_wartosci_oczekiwanej, wartosc, id_pytania, id_kierunku) VALUES (1,3,33,2);
INSERT INTO wartosc_oczekiwana (id_wartosci_oczekiwanej, wartosc, id_pytania, id_kierunku) VALUES (1,8,34,2);
INSERT INTO wartosc_oczekiwana (id_wartosci_oczekiwanej, wartosc, id_pytania, id_kierunku) VALUES (1,9,35,2);
INSERT INTO wartosc_oczekiwana (id_wartosci_oczekiwanej, wartosc, id_pytania, id_kierunku) VALUES (1,8,36,2);
INSERT INTO wartosc_oczekiwana (id_wartosci_oczekiwanej, wartosc, id_pytania, id_kierunku) VALUES (1,10,37,2);
INSERT INTO wartosc_oczekiwana (id_wartosci_oczekiwanej, wartosc, id_pytania, id_kierunku) VALUES (1,6,38,2);
INSERT INTO wartosc_oczekiwana (id_wartosci_oczekiwanej, wartosc, id_pytania, id_kierunku) VALUES (1,5,39,2);
INSERT INTO wartosc_oczekiwana (id_wartosci_oczekiwanej, wartosc, id_pytania, id_kierunku) VALUES (1,2,40,2);
INSERT INTO wartosc_oczekiwana (id_wartosci_oczekiwanej, wartosc, id_pytania, id_kierunku) VALUES (1,1,41,2);
INSERT INTO wartosc_oczekiwana (id_wartosci_oczekiwanej, wartosc, id_pytania, id_kierunku) VALUES (1,7,1,3);
INSERT INTO wartosc_oczekiwana (id_wartosci_oczekiwanej, wartosc, id_pytania, id_kierunku) VALUES (1,2,2,3);
INSERT INTO wartosc_oczekiwana (id_wartosci_oczekiwanej, wartosc, id_pytania, id_kierunku) VALUES (1,3,3,3);
INSERT INTO wartosc_oczekiwana (id_wartosci_oczekiwanej, wartosc, id_pytania, id_kierunku) VALUES (1,2,4,3);
INSERT INTO wartosc_oczekiwana (id_wartosci_oczekiwanej, wartosc, id_pytania, id_kierunku) VALUES (1,1,5,3);
INSERT INTO wartosc_oczekiwana (id_wartosci_oczekiwanej, wartosc, id_pytania, id_kierunku) VALUES (1,7,6,3);
INSERT INTO wartosc_oczekiwana (id_wartosci_oczekiwanej, wartosc, id_pytania, id_kierunku) VALUES (1,9,7,3);
INSERT INTO wartosc_oczekiwana (id_wartosci_oczekiwanej, wartosc, id_pytania, id_kierunku) VALUES (1,6,8,3);
INSERT INTO wartosc_oczekiwana (id_wartosci_oczekiwanej, wartosc, id_pytania, id_kierunku) VALUES (1,2,9,3);
INSERT INTO wartosc_oczekiwana (id_wartosci_oczekiwanej, wartosc, id_pytania, id_kierunku) VALUES (1,6,10,3);
INSERT INTO wartosc_oczekiwana (id_wartosci_oczekiwanej, wartosc, id_pytania, id_kierunku) VALUES (1,1,11,3);
INSERT INTO wartosc_oczekiwana (id_wartosci_oczekiwanej, wartosc, id_pytania, id_kierunku) VALUES (1,3,12,3);
INSERT INTO wartosc_oczekiwana (id_wartosci_oczekiwanej, wartosc, id_pytania, id_kierunku) VALUES (1,1,13,3);
INSERT INTO wartosc_oczekiwana (id_wartosci_oczekiwanej, wartosc, id_pytania, id_kierunku) VALUES (1,3,14,3);
INSERT INTO wartosc_oczekiwana (id_wartosci_oczekiwanej, wartosc, id_pytania, id_kierunku) VALUES (1,7,15,3);
INSERT INTO wartosc_oczekiwana (id_wartosci_oczekiwanej, wartosc, id_pytania, id_kierunku) VALUES (1,3,16,3);
INSERT INTO wartosc_oczekiwana (id_wartosci_oczekiwanej, wartosc, id_pytania, id_kierunku) VALUES (1,8,17,3);
INSERT INTO wartosc_oczekiwana (id_wartosci_oczekiwanej, wartosc, id_pytania, id_kierunku) VALUES (1,1,18,3);
INSERT INTO wartosc_oczekiwana (id_wartosci_oczekiwanej, wartosc, id_pytania, id_kierunku) VALUES (1,6,19,3);
INSERT INTO wartosc_oczekiwana (id_wartosci_oczekiwanej, wartosc, id_pytania, id_kierunku) VALUES (1,1,20,3);
INSERT INTO wartosc_oczekiwana (id_wartosci_oczekiwanej, wartosc, id_pytania, id_kierunku) VALUES (1,5,21,3);
INSERT INTO wartosc_oczekiwana (id_wartosci_oczekiwanej, wartosc, id_pytania, id_kierunku) VALUES (1,2,22,3);
INSERT INTO wartosc_oczekiwana (id_wartosci_oczekiwanej, wartosc, id_pytania, id_kierunku) VALUES (1,5,23,3);
INSERT INTO wartosc_oczekiwana (id_wartosci_oczekiwanej, wartosc, id_pytania, id_kierunku) VALUES (1,1,24,3);
INSERT INTO wartosc_oczekiwana (id_wartosci_oczekiwanej, wartosc, id_pytania, id_kierunku) VALUES (1,2,25,3);
INSERT INTO wartosc_oczekiwana (id_wartosci_oczekiwanej, wartosc, id_pytania, id_kierunku) VALUES (1,6,26,3);
INSERT INTO wartosc_oczekiwana (id_wartosci_oczekiwanej, wartosc, id_pytania, id_kierunku) VALUES (1,5,27,3);
INSERT INTO wartosc_oczekiwana (id_wartosci_oczekiwanej, wartosc, id_pytania, id_kierunku) VALUES (1,7,28,3);
INSERT INTO wartosc_oczekiwana (id_wartosci_oczekiwanej, wartosc, id_pytania, id_kierunku) VALUES (1,5,29,3);
INSERT INTO wartosc_oczekiwana (id_wartosci_oczekiwanej, wartosc, id_pytania, id_kierunku) VALUES (1,5,30,3);
INSERT INTO wartosc_oczekiwana (id_wartosci_oczekiwanej, wartosc, id_pytania, id_kierunku) VALUES (1,2,31,3);
INSERT INTO wartosc_oczekiwana (id_wartosci_oczekiwanej, wartosc, id_pytania, id_kierunku) VALUES (1,6,32,3);
INSERT INTO wartosc_oczekiwana (id_wartosci_oczekiwanej, wartosc, id_pytania, id_kierunku) VALUES (1,1,33,3);
INSERT INTO wartosc_oczekiwana (id_wartosci_oczekiwanej, wartosc, id_pytania, id_kierunku) VALUES (1,7,34,3);
INSERT INTO wartosc_oczekiwana (id_wartosci_oczekiwanej, wartosc, id_pytania, id_kierunku) VALUES (1,8,35,3);
INSERT INTO wartosc_oczekiwana (id_wartosci_oczekiwanej, wartosc, id_pytania, id_kierunku) VALUES (1,5,36,3);
INSERT INTO wartosc_oczekiwana (id_wartosci_oczekiwanej, wartosc, id_pytania, id_kierunku) VALUES (1,7,37,3);
INSERT INTO wartosc_oczekiwana (id_wartosci_oczekiwanej, wartosc, id_pytania, id_kierunku) VALUES (1,5,38,3);
INSERT INTO wartosc_oczekiwana (id_wartosci_oczekiwanej, wartosc, id_pytania, id_kierunku) VALUES (1,7,39,3);
INSERT INTO wartosc_oczekiwana (id_wartosci_oczekiwanej, wartosc, id_pytania, id_kierunku) VALUES (1,2,40,3);
INSERT INTO wartosc_oczekiwana (id_wartosci_oczekiwanej, wartosc, id_pytania, id_kierunku) VALUES (1,1,41,3);
INSERT INTO wartosc_oczekiwana (id_wartosci_oczekiwanej, wartosc, id_pytania, id_kierunku) VALUES (1,10,1,4);
INSERT INTO wartosc_oczekiwana (id_wartosci_oczekiwanej, wartosc, id_pytania, id_kierunku) VALUES (1,8,2,4);
INSERT INTO wartosc_oczekiwana (id_wartosci_oczekiwanej, wartosc, id_pytania, id_kierunku) VALUES (1,8,3,4);
INSERT INTO wartosc_oczekiwana (id_wartosci_oczekiwanej, wartosc, id_pytania, id_kierunku) VALUES (1,10,4,4);
INSERT INTO wartosc_oczekiwana (id_wartosci_oczekiwanej, wartosc, id_pytania, id_kierunku) VALUES (1,1,5,4);
INSERT INTO wartosc_oczekiwana (id_wartosci_oczekiwanej, wartosc, id_pytania, id_kierunku) VALUES (1,8,6,4);
INSERT INTO wartosc_oczekiwana (id_wartosci_oczekiwanej, wartosc, id_pytania, id_kierunku) VALUES (1,2,7,4);
INSERT INTO wartosc_oczekiwana (id_wartosci_oczekiwanej, wartosc, id_pytania, id_kierunku) VALUES (1,6,8,4);
INSERT INTO wartosc_oczekiwana (id_wartosci_oczekiwanej, wartosc, id_pytania, id_kierunku) VALUES (1,5,9,4);
INSERT INTO wartosc_oczekiwana (id_wartosci_oczekiwanej, wartosc, id_pytania, id_kierunku) VALUES (1,2,10,4);
INSERT INTO wartosc_oczekiwana (id_wartosci_oczekiwanej, wartosc, id_pytania, id_kierunku) VALUES (1,1,11,4);
INSERT INTO wartosc_oczekiwana (id_wartosci_oczekiwanej, wartosc, id_pytania, id_kierunku) VALUES (1,4,12,4);
INSERT INTO wartosc_oczekiwana (id_wartosci_oczekiwanej, wartosc, id_pytania, id_kierunku) VALUES (1,1,13,4);
INSERT INTO wartosc_oczekiwana (id_wartosci_oczekiwanej, wartosc, id_pytania, id_kierunku) VALUES (1,9,14,4);
INSERT INTO wartosc_oczekiwana (id_wartosci_oczekiwanej, wartosc, id_pytania, id_kierunku) VALUES (1,8,15,4);
INSERT INTO wartosc_oczekiwana (id_wartosci_oczekiwanej, wartosc, id_pytania, id_kierunku) VALUES (1,3,16,4);
INSERT INTO wartosc_oczekiwana (id_wartosci_oczekiwanej, wartosc, id_pytania, id_kierunku) VALUES (1,5,17,4);
INSERT INTO wartosc_oczekiwana (id_wartosci_oczekiwanej, wartosc, id_pytania, id_kierunku) VALUES (1,1,18,4);
INSERT INTO wartosc_oczekiwana (id_wartosci_oczekiwanej, wartosc, id_pytania, id_kierunku) VALUES (1,6,19,4);
INSERT INTO wartosc_oczekiwana (id_wartosci_oczekiwanej, wartosc, id_pytania, id_kierunku) VALUES (1,5,20,4);
INSERT INTO wartosc_oczekiwana (id_wartosci_oczekiwanej, wartosc, id_pytania, id_kierunku) VALUES (1,5,21,4);
INSERT INTO wartosc_oczekiwana (id_wartosci_oczekiwanej, wartosc, id_pytania, id_kierunku) VALUES (1,2,22,4);
INSERT INTO wartosc_oczekiwana (id_wartosci_oczekiwanej, wartosc, id_pytania, id_kierunku) VALUES (1,5,23,4);
INSERT INTO wartosc_oczekiwana (id_wartosci_oczekiwanej, wartosc, id_pytania, id_kierunku) VALUES (1,1,24,4);
INSERT INTO wartosc_oczekiwana (id_wartosci_oczekiwanej, wartosc, id_pytania, id_kierunku) VALUES (1,2,25,4);
INSERT INTO wartosc_oczekiwana (id_wartosci_oczekiwanej, wartosc, id_pytania, id_kierunku) VALUES (1,3,26,4);
INSERT INTO wartosc_oczekiwana (id_wartosci_oczekiwanej, wartosc, id_pytania, id_kierunku) VALUES (1,5,27,4);
INSERT INTO wartosc_oczekiwana (id_wartosci_oczekiwanej, wartosc, id_pytania, id_kierunku) VALUES (1,2,28,4);
INSERT INTO wartosc_oczekiwana (id_wartosci_oczekiwanej, wartosc, id_pytania, id_kierunku) VALUES (1,8,29,4);
INSERT INTO wartosc_oczekiwana (id_wartosci_oczekiwanej, wartosc, id_pytania, id_kierunku) VALUES (1,2,30,4);
INSERT INTO wartosc_oczekiwana (id_wartosci_oczekiwanej, wartosc, id_pytania, id_kierunku) VALUES (1,9,31,4);
INSERT INTO wartosc_oczekiwana (id_wartosci_oczekiwanej, wartosc, id_pytania, id_kierunku) VALUES (1,9,32,4);
INSERT INTO wartosc_oczekiwana (id_wartosci_oczekiwanej, wartosc, id_pytania, id_kierunku) VALUES (1,5,33,4);
INSERT INTO wartosc_oczekiwana (id_wartosci_oczekiwanej, wartosc, id_pytania, id_kierunku) VALUES (1,2,34,4);
INSERT INTO wartosc_oczekiwana (id_wartosci_oczekiwanej, wartosc, id_pytania, id_kierunku) VALUES (1,9,35,4);
INSERT INTO wartosc_oczekiwana (id_wartosci_oczekiwanej, wartosc, id_pytania, id_kierunku) VALUES (1,5,36,4);
INSERT INTO wartosc_oczekiwana (id_wartosci_oczekiwanej, wartosc, id_pytania, id_kierunku) VALUES (1,2,37,4);
INSERT INTO wartosc_oczekiwana (id_wartosci_oczekiwanej, wartosc, id_pytania, id_kierunku) VALUES (1,5,38,4);
INSERT INTO wartosc_oczekiwana (id_wartosci_oczekiwanej, wartosc, id_pytania, id_kierunku) VALUES (1,7,39,4);
INSERT INTO wartosc_oczekiwana (id_wartosci_oczekiwanej, wartosc, id_pytania, id_kierunku) VALUES (1,2,40,4);
INSERT INTO wartosc_oczekiwana (id_wartosci_oczekiwanej, wartosc, id_pytania, id_kierunku) VALUES (1,1,41,4);
INSERT INTO wartosc_oczekiwana (id_wartosci_oczekiwanej, wartosc, id_pytania, id_kierunku) VALUES (1,6,1,5);
INSERT INTO wartosc_oczekiwana (id_wartosci_oczekiwanej, wartosc, id_pytania, id_kierunku) VALUES (1,4,2,5);
INSERT INTO wartosc_oczekiwana (id_wartosci_oczekiwanej, wartosc, id_pytania, id_kierunku) VALUES (1,2,3,5);
INSERT INTO wartosc_oczekiwana (id_wartosci_oczekiwanej, wartosc, id_pytania, id_kierunku) VALUES (1,3,4,5);
INSERT INTO wartosc_oczekiwana (id_wartosci_oczekiwanej, wartosc, id_pytania, id_kierunku) VALUES (1,2,5,5);
INSERT INTO wartosc_oczekiwana (id_wartosci_oczekiwanej, wartosc, id_pytania, id_kierunku) VALUES (1,6,6,5);
INSERT INTO wartosc_oczekiwana (id_wartosci_oczekiwanej, wartosc, id_pytania, id_kierunku) VALUES (1,8,7,5);
INSERT INTO wartosc_oczekiwana (id_wartosci_oczekiwanej, wartosc, id_pytania, id_kierunku) VALUES (1,9,8,5);
INSERT INTO wartosc_oczekiwana (id_wartosci_oczekiwanej, wartosc, id_pytania, id_kierunku) VALUES (1,7,9,5);
INSERT INTO wartosc_oczekiwana (id_wartosci_oczekiwanej, wartosc, id_pytania, id_kierunku) VALUES (1,1,10,5);
INSERT INTO wartosc_oczekiwana (id_wartosci_oczekiwanej, wartosc, id_pytania, id_kierunku) VALUES (1,6,11,5);
INSERT INTO wartosc_oczekiwana (id_wartosci_oczekiwanej, wartosc, id_pytania, id_kierunku) VALUES (1,9,12,5);
INSERT INTO wartosc_oczekiwana (id_wartosci_oczekiwanej, wartosc, id_pytania, id_kierunku) VALUES (1,10,13,5);
INSERT INTO wartosc_oczekiwana (id_wartosci_oczekiwanej, wartosc, id_pytania, id_kierunku) VALUES (1,8,14,5);
INSERT INTO wartosc_oczekiwana (id_wartosci_oczekiwanej, wartosc, id_pytania, id_kierunku) VALUES (1,7,15,5);
INSERT INTO wartosc_oczekiwana (id_wartosci_oczekiwanej, wartosc, id_pytania, id_kierunku) VALUES (1,1,16,5);
INSERT INTO wartosc_oczekiwana (id_wartosci_oczekiwanej, wartosc, id_pytania, id_kierunku) VALUES (1,9,17,5);
INSERT INTO wartosc_oczekiwana (id_wartosci_oczekiwanej, wartosc, id_pytania, id_kierunku) VALUES (1,4,18,5);
INSERT INTO wartosc_oczekiwana (id_wartosci_oczekiwanej, wartosc, id_pytania, id_kierunku) VALUES (1,9,19,5);
INSERT INTO wartosc_oczekiwana (id_wartosci_oczekiwanej, wartosc, id_pytania, id_kierunku) VALUES (1,5,20,5);
INSERT INTO wartosc_oczekiwana (id_wartosci_oczekiwanej, wartosc, id_pytania, id_kierunku) VALUES (1,8,21,5);
INSERT INTO wartosc_oczekiwana (id_wartosci_oczekiwanej, wartosc, id_pytania, id_kierunku) VALUES (1,7,22,5);
INSERT INTO wartosc_oczekiwana (id_wartosci_oczekiwanej, wartosc, id_pytania, id_kierunku) VALUES (1,6,23,5);
INSERT INTO wartosc_oczekiwana (id_wartosci_oczekiwanej, wartosc, id_pytania, id_kierunku) VALUES (1,6,24,5);
INSERT INTO wartosc_oczekiwana (id_wartosci_oczekiwanej, wartosc, id_pytania, id_kierunku) VALUES (1,2,25,5);
INSERT INTO wartosc_oczekiwana (id_wartosci_oczekiwanej, wartosc, id_pytania, id_kierunku) VALUES (1,8,26,5);
INSERT INTO wartosc_oczekiwana (id_wartosci_oczekiwanej, wartosc, id_pytania, id_kierunku) VALUES (1,9,27,5);
INSERT INTO wartosc_oczekiwana (id_wartosci_oczekiwanej, wartosc, id_pytania, id_kierunku) VALUES (1,5,28,5);
INSERT INTO wartosc_oczekiwana (id_wartosci_oczekiwanej, wartosc, id_pytania, id_kierunku) VALUES (1,4,29,5);
INSERT INTO wartosc_oczekiwana (id_wartosci_oczekiwanej, wartosc, id_pytania, id_kierunku) VALUES (1,7,30,5);
INSERT INTO wartosc_oczekiwana (id_wartosci_oczekiwanej, wartosc, id_pytania, id_kierunku) VALUES (1,3,31,5);
INSERT INTO wartosc_oczekiwana (id_wartosci_oczekiwanej, wartosc, id_pytania, id_kierunku) VALUES (1,8,32,5);
INSERT INTO wartosc_oczekiwana (id_wartosci_oczekiwanej, wartosc, id_pytania, id_kierunku) VALUES (1,1,33,5);
INSERT INTO wartosc_oczekiwana (id_wartosci_oczekiwanej, wartosc, id_pytania, id_kierunku) VALUES (1,10,34,5);
INSERT INTO wartosc_oczekiwana (id_wartosci_oczekiwanej, wartosc, id_pytania, id_kierunku) VALUES (1,9,35,5);
INSERT INTO wartosc_oczekiwana (id_wartosci_oczekiwanej, wartosc, id_pytania, id_kierunku) VALUES (1,8,36,5);
INSERT INTO wartosc_oczekiwana (id_wartosci_oczekiwanej, wartosc, id_pytania, id_kierunku) VALUES (1,10,37,5);
INSERT INTO wartosc_oczekiwana (id_wartosci_oczekiwanej, wartosc, id_pytania, id_kierunku) VALUES (1,9,38,5);
INSERT INTO wartosc_oczekiwana (id_wartosci_oczekiwanej, wartosc, id_pytania, id_kierunku) VALUES (1,5,39,5);
INSERT INTO wartosc_oczekiwana (id_wartosci_oczekiwanej, wartosc, id_pytania, id_kierunku) VALUES (1,8,40,5);
INSERT INTO wartosc_oczekiwana (id_wartosci_oczekiwanej, wartosc, id_pytania, id_kierunku) VALUES (1,6,41,5);
INSERT INTO wartosc_oczekiwana (id_wartosci_oczekiwanej, wartosc, id_pytania, id_kierunku) VALUES (1,7,1,6);
INSERT INTO wartosc_oczekiwana (id_wartosci_oczekiwanej, wartosc, id_pytania, id_kierunku) VALUES (1,5,2,6);
INSERT INTO wartosc_oczekiwana (id_wartosci_oczekiwanej, wartosc, id_pytania, id_kierunku) VALUES (1,3,3,6);
INSERT INTO wartosc_oczekiwana (id_wartosci_oczekiwanej, wartosc, id_pytania, id_kierunku) VALUES (1,3,4,6);
INSERT INTO wartosc_oczekiwana (id_wartosci_oczekiwanej, wartosc, id_pytania, id_kierunku) VALUES (1,2,5,6);
INSERT INTO wartosc_oczekiwana (id_wartosci_oczekiwanej, wartosc, id_pytania, id_kierunku) VALUES (1,8,6,6);
INSERT INTO wartosc_oczekiwana (id_wartosci_oczekiwanej, wartosc, id_pytania, id_kierunku) VALUES (1,5,7,6);
INSERT INTO wartosc_oczekiwana (id_wartosci_oczekiwanej, wartosc, id_pytania, id_kierunku) VALUES (1,7,8,6);
INSERT INTO wartosc_oczekiwana (id_wartosci_oczekiwanej, wartosc, id_pytania, id_kierunku) VALUES (1,9,9,6);
INSERT INTO wartosc_oczekiwana (id_wartosci_oczekiwanej, wartosc, id_pytania, id_kierunku) VALUES (1,1,10,6);
INSERT INTO wartosc_oczekiwana (id_wartosci_oczekiwanej, wartosc, id_pytania, id_kierunku) VALUES (1,7,11,6);
INSERT INTO wartosc_oczekiwana (id_wartosci_oczekiwanej, wartosc, id_pytania, id_kierunku) VALUES (1,8,12,6);
INSERT INTO wartosc_oczekiwana (id_wartosci_oczekiwanej, wartosc, id_pytania, id_kierunku) VALUES (1,7,13,6);
INSERT INTO wartosc_oczekiwana (id_wartosci_oczekiwanej, wartosc, id_pytania, id_kierunku) VALUES (1,6,14,6);
INSERT INTO wartosc_oczekiwana (id_wartosci_oczekiwanej, wartosc, id_pytania, id_kierunku) VALUES (1,5,15,6);
INSERT INTO wartosc_oczekiwana (id_wartosci_oczekiwanej, wartosc, id_pytania, id_kierunku) VALUES (1,2,16,6);
INSERT INTO wartosc_oczekiwana (id_wartosci_oczekiwanej, wartosc, id_pytania, id_kierunku) VALUES (1,7,17,6);
INSERT INTO wartosc_oczekiwana (id_wartosci_oczekiwanej, wartosc, id_pytania, id_kierunku) VALUES (1,4,18,6);
INSERT INTO wartosc_oczekiwana (id_wartosci_oczekiwanej, wartosc, id_pytania, id_kierunku) VALUES (1,7,19,6);
INSERT INTO wartosc_oczekiwana (id_wartosci_oczekiwanej, wartosc, id_pytania, id_kierunku) VALUES (1,3,20,6);
INSERT INTO wartosc_oczekiwana (id_wartosci_oczekiwanej, wartosc, id_pytania, id_kierunku) VALUES (1,8,21,6);
INSERT INTO wartosc_oczekiwana (id_wartosci_oczekiwanej, wartosc, id_pytania, id_kierunku) VALUES (1,6,22,6);
INSERT INTO wartosc_oczekiwana (id_wartosci_oczekiwanej, wartosc, id_pytania, id_kierunku) VALUES (1,6,23,6);
INSERT INTO wartosc_oczekiwana (id_wartosci_oczekiwanej, wartosc, id_pytania, id_kierunku) VALUES (1,7,24,6);
INSERT INTO wartosc_oczekiwana (id_wartosci_oczekiwanej, wartosc, id_pytania, id_kierunku) VALUES (1,2,25,6);
INSERT INTO wartosc_oczekiwana (id_wartosci_oczekiwanej, wartosc, id_pytania, id_kierunku) VALUES (1,7,26,6);
INSERT INTO wartosc_oczekiwana (id_wartosci_oczekiwanej, wartosc, id_pytania, id_kierunku) VALUES (1,7,27,6);
INSERT INTO wartosc_oczekiwana (id_wartosci_oczekiwanej, wartosc, id_pytania, id_kierunku) VALUES (1,6,28,6);
INSERT INTO wartosc_oczekiwana (id_wartosci_oczekiwanej, wartosc, id_pytania, id_kierunku) VALUES (1,7,29,6);
INSERT INTO wartosc_oczekiwana (id_wartosci_oczekiwanej, wartosc, id_pytania, id_kierunku) VALUES (1,3,30,6);
INSERT INTO wartosc_oczekiwana (id_wartosci_oczekiwanej, wartosc, id_pytania, id_kierunku) VALUES (1,2,31,6);
INSERT INTO wartosc_oczekiwana (id_wartosci_oczekiwanej, wartosc, id_pytania, id_kierunku) VALUES (1,4,32,6);
INSERT INTO wartosc_oczekiwana (id_wartosci_oczekiwanej, wartosc, id_pytania, id_kierunku) VALUES (1,2,33,6);
INSERT INTO wartosc_oczekiwana (id_wartosci_oczekiwanej, wartosc, id_pytania, id_kierunku) VALUES (1,9,34,6);
INSERT INTO wartosc_oczekiwana (id_wartosci_oczekiwanej, wartosc, id_pytania, id_kierunku) VALUES (1,10,35,6);
INSERT INTO wartosc_oczekiwana (id_wartosci_oczekiwanej, wartosc, id_pytania, id_kierunku) VALUES (1,8,36,6);
INSERT INTO wartosc_oczekiwana (id_wartosci_oczekiwanej, wartosc, id_pytania, id_kierunku) VALUES (1,7,37,6);
INSERT INTO wartosc_oczekiwana (id_wartosci_oczekiwanej, wartosc, id_pytania, id_kierunku) VALUES (1,6,38,6);
INSERT INTO wartosc_oczekiwana (id_wartosci_oczekiwanej, wartosc, id_pytania, id_kierunku) VALUES (1,7,39,6);
INSERT INTO wartosc_oczekiwana (id_wartosci_oczekiwanej, wartosc, id_pytania, id_kierunku) VALUES (1,2,40,6);
INSERT INTO wartosc_oczekiwana (id_wartosci_oczekiwanej, wartosc, id_pytania, id_kierunku) VALUES (1,7,41,6);
INSERT INTO wartosc_oczekiwana (id_wartosci_oczekiwanej, wartosc, id_pytania, id_kierunku) VALUES (1,5,1,7);
INSERT INTO wartosc_oczekiwana (id_wartosci_oczekiwanej, wartosc, id_pytania, id_kierunku) VALUES (1,2,2,7);
INSERT INTO wartosc_oczekiwana (id_wartosci_oczekiwanej, wartosc, id_pytania, id_kierunku) VALUES (1,3,3,7);
INSERT INTO wartosc_oczekiwana (id_wartosci_oczekiwanej, wartosc, id_pytania, id_kierunku) VALUES (1,3,4,7);
INSERT INTO wartosc_oczekiwana (id_wartosci_oczekiwanej, wartosc, id_pytania, id_kierunku) VALUES (1,5,5,7);
INSERT INTO wartosc_oczekiwana (id_wartosci_oczekiwanej, wartosc, id_pytania, id_kierunku) VALUES (1,8,6,7);
INSERT INTO wartosc_oczekiwana (id_wartosci_oczekiwanej, wartosc, id_pytania, id_kierunku) VALUES (1,5,7,7);
INSERT INTO wartosc_oczekiwana (id_wartosci_oczekiwanej, wartosc, id_pytania, id_kierunku) VALUES (1,10,8,7);
INSERT INTO wartosc_oczekiwana (id_wartosci_oczekiwanej, wartosc, id_pytania, id_kierunku) VALUES (1,10,9,7);
INSERT INTO wartosc_oczekiwana (id_wartosci_oczekiwanej, wartosc, id_pytania, id_kierunku) VALUES (1,10,10,7);
INSERT INTO wartosc_oczekiwana (id_wartosci_oczekiwanej, wartosc, id_pytania, id_kierunku) VALUES (1,8,11,7);
INSERT INTO wartosc_oczekiwana (id_wartosci_oczekiwanej, wartosc, id_pytania, id_kierunku) VALUES (1,6,12,7);
INSERT INTO wartosc_oczekiwana (id_wartosci_oczekiwanej, wartosc, id_pytania, id_kierunku) VALUES (1,9,13,7);
INSERT INTO wartosc_oczekiwana (id_wartosci_oczekiwanej, wartosc, id_pytania, id_kierunku) VALUES (1,7,14,7);
INSERT INTO wartosc_oczekiwana (id_wartosci_oczekiwanej, wartosc, id_pytania, id_kierunku) VALUES (1,7,15,7);
INSERT INTO wartosc_oczekiwana (id_wartosci_oczekiwanej, wartosc, id_pytania, id_kierunku) VALUES (1,5,16,7);
INSERT INTO wartosc_oczekiwana (id_wartosci_oczekiwanej, wartosc, id_pytania, id_kierunku) VALUES (1,10,17,7);
INSERT INTO wartosc_oczekiwana (id_wartosci_oczekiwanej, wartosc, id_pytania, id_kierunku) VALUES (1,3,18,7);
INSERT INTO wartosc_oczekiwana (id_wartosci_oczekiwanej, wartosc, id_pytania, id_kierunku) VALUES (1,9,19,7);
INSERT INTO wartosc_oczekiwana (id_wartosci_oczekiwanej, wartosc, id_pytania, id_kierunku) VALUES (1,5,20,7);
INSERT INTO wartosc_oczekiwana (id_wartosci_oczekiwanej, wartosc, id_pytania, id_kierunku) VALUES (1,6,21,7);
INSERT INTO wartosc_oczekiwana (id_wartosci_oczekiwanej, wartosc, id_pytania, id_kierunku) VALUES (1,7,22,7);
INSERT INTO wartosc_oczekiwana (id_wartosci_oczekiwanej, wartosc, id_pytania, id_kierunku) VALUES (1,5,23,7);
INSERT INTO wartosc_oczekiwana (id_wartosci_oczekiwanej, wartosc, id_pytania, id_kierunku) VALUES (1,10,24,7);
INSERT INTO wartosc_oczekiwana (id_wartosci_oczekiwanej, wartosc, id_pytania, id_kierunku) VALUES (1,3,25,7);
INSERT INTO wartosc_oczekiwana (id_wartosci_oczekiwanej, wartosc, id_pytania, id_kierunku) VALUES (1,9,26,7);
INSERT INTO wartosc_oczekiwana (id_wartosci_oczekiwanej, wartosc, id_pytania, id_kierunku) VALUES (1,7,27,7);
INSERT INTO wartosc_oczekiwana (id_wartosci_oczekiwanej, wartosc, id_pytania, id_kierunku) VALUES (1,5,28,7);
INSERT INTO wartosc_oczekiwana (id_wartosci_oczekiwanej, wartosc, id_pytania, id_kierunku) VALUES (1,5,29,7);
INSERT INTO wartosc_oczekiwana (id_wartosci_oczekiwanej, wartosc, id_pytania, id_kierunku) VALUES (1,5,30,7);
INSERT INTO wartosc_oczekiwana (id_wartosci_oczekiwanej, wartosc, id_pytania, id_kierunku) VALUES (1,3,31,7);
INSERT INTO wartosc_oczekiwana (id_wartosci_oczekiwanej, wartosc, id_pytania, id_kierunku) VALUES (1,5,32,7);
INSERT INTO wartosc_oczekiwana (id_wartosci_oczekiwanej, wartosc, id_pytania, id_kierunku) VALUES (1,3,33,7);
INSERT INTO wartosc_oczekiwana (id_wartosci_oczekiwanej, wartosc, id_pytania, id_kierunku) VALUES (1,10,34,7);
INSERT INTO wartosc_oczekiwana (id_wartosci_oczekiwanej, wartosc, id_pytania, id_kierunku) VALUES (1,9,35,7);
INSERT INTO wartosc_oczekiwana (id_wartosci_oczekiwanej, wartosc, id_pytania, id_kierunku) VALUES (1,6,36,7);
INSERT INTO wartosc_oczekiwana (id_wartosci_oczekiwanej, wartosc, id_pytania, id_kierunku) VALUES (1,9,37,7);
INSERT INTO wartosc_oczekiwana (id_wartosci_oczekiwanej, wartosc, id_pytania, id_kierunku) VALUES (1,6,38,7);
INSERT INTO wartosc_oczekiwana (id_wartosci_oczekiwanej, wartosc, id_pytania, id_kierunku) VALUES (1,8,39,7);
INSERT INTO wartosc_oczekiwana (id_wartosci_oczekiwanej, wartosc, id_pytania, id_kierunku) VALUES (1,6,40,7);
INSERT INTO wartosc_oczekiwana (id_wartosci_oczekiwanej, wartosc, id_pytania, id_kierunku) VALUES (1,10,41,7);
INSERT INTO wartosc_oczekiwana (id_wartosci_oczekiwanej, wartosc, id_pytania, id_kierunku) VALUES (1,6,1,8);
INSERT INTO wartosc_oczekiwana (id_wartosci_oczekiwanej, wartosc, id_pytania, id_kierunku) VALUES (1,2,2,8);
INSERT INTO wartosc_oczekiwana (id_wartosci_oczekiwanej, wartosc, id_pytania, id_kierunku) VALUES (1,6,3,8);
INSERT INTO wartosc_oczekiwana (id_wartosci_oczekiwanej, wartosc, id_pytania, id_kierunku) VALUES (1,3,4,8);
INSERT INTO wartosc_oczekiwana (id_wartosci_oczekiwanej, wartosc, id_pytania, id_kierunku) VALUES (1,5,5,8);
INSERT INTO wartosc_oczekiwana (id_wartosci_oczekiwanej, wartosc, id_pytania, id_kierunku) VALUES (1,7,6,8);
INSERT INTO wartosc_oczekiwana (id_wartosci_oczekiwanej, wartosc, id_pytania, id_kierunku) VALUES (1,5,7,8);
INSERT INTO wartosc_oczekiwana (id_wartosci_oczekiwanej, wartosc, id_pytania, id_kierunku) VALUES (1,7,8,8);
INSERT INTO wartosc_oczekiwana (id_wartosci_oczekiwanej, wartosc, id_pytania, id_kierunku) VALUES (1,6,9,8);
INSERT INTO wartosc_oczekiwana (id_wartosci_oczekiwanej, wartosc, id_pytania, id_kierunku) VALUES (1,6,10,8);
INSERT INTO wartosc_oczekiwana (id_wartosci_oczekiwanej, wartosc, id_pytania, id_kierunku) VALUES (1,5,11,8);
INSERT INTO wartosc_oczekiwana (id_wartosci_oczekiwanej, wartosc, id_pytania, id_kierunku) VALUES (1,8,12,8);
INSERT INTO wartosc_oczekiwana (id_wartosci_oczekiwanej, wartosc, id_pytania, id_kierunku) VALUES (1,5,13,8);
INSERT INTO wartosc_oczekiwana (id_wartosci_oczekiwanej, wartosc, id_pytania, id_kierunku) VALUES (1,7,14,8);
INSERT INTO wartosc_oczekiwana (id_wartosci_oczekiwanej, wartosc, id_pytania, id_kierunku) VALUES (1,9,15,8);
INSERT INTO wartosc_oczekiwana (id_wartosci_oczekiwanej, wartosc, id_pytania, id_kierunku) VALUES (1,8,16,8);
INSERT INTO wartosc_oczekiwana (id_wartosci_oczekiwanej, wartosc, id_pytania, id_kierunku) VALUES (1,8,17,8);
INSERT INTO wartosc_oczekiwana (id_wartosci_oczekiwanej, wartosc, id_pytania, id_kierunku) VALUES (1,3,18,8);
INSERT INTO wartosc_oczekiwana (id_wartosci_oczekiwanej, wartosc, id_pytania, id_kierunku) VALUES (1,7,19,8);
INSERT INTO wartosc_oczekiwana (id_wartosci_oczekiwanej, wartosc, id_pytania, id_kierunku) VALUES (1,5,20,8);
INSERT INTO wartosc_oczekiwana (id_wartosci_oczekiwanej, wartosc, id_pytania, id_kierunku) VALUES (1,6,21,8);
INSERT INTO wartosc_oczekiwana (id_wartosci_oczekiwanej, wartosc, id_pytania, id_kierunku) VALUES (1,7,22,8);
INSERT INTO wartosc_oczekiwana (id_wartosci_oczekiwanej, wartosc, id_pytania, id_kierunku) VALUES (1,5,23,8);
INSERT INTO wartosc_oczekiwana (id_wartosci_oczekiwanej, wartosc, id_pytania, id_kierunku) VALUES (1,7,24,8);
INSERT INTO wartosc_oczekiwana (id_wartosci_oczekiwanej, wartosc, id_pytania, id_kierunku) VALUES (1,4,25,8);
INSERT INTO wartosc_oczekiwana (id_wartosci_oczekiwanej, wartosc, id_pytania, id_kierunku) VALUES (1,8,26,8);
INSERT INTO wartosc_oczekiwana (id_wartosci_oczekiwanej, wartosc, id_pytania, id_kierunku) VALUES (1,7,27,8);
INSERT INTO wartosc_oczekiwana (id_wartosci_oczekiwanej, wartosc, id_pytania, id_kierunku) VALUES (1,5,28,8);
INSERT INTO wartosc_oczekiwana (id_wartosci_oczekiwanej, wartosc, id_pytania, id_kierunku) VALUES (1,7,29,8);
INSERT INTO wartosc_oczekiwana (id_wartosci_oczekiwanej, wartosc, id_pytania, id_kierunku) VALUES (1,5,30,8);
INSERT INTO wartosc_oczekiwana (id_wartosci_oczekiwanej, wartosc, id_pytania, id_kierunku) VALUES (1,6,31,8);
INSERT INTO wartosc_oczekiwana (id_wartosci_oczekiwanej, wartosc, id_pytania, id_kierunku) VALUES (1,8,32,8);
INSERT INTO wartosc_oczekiwana (id_wartosci_oczekiwanej, wartosc, id_pytania, id_kierunku) VALUES (1,3,33,8);
INSERT INTO wartosc_oczekiwana (id_wartosci_oczekiwanej, wartosc, id_pytania, id_kierunku) VALUES (1,10,34,8);
INSERT INTO wartosc_oczekiwana (id_wartosci_oczekiwanej, wartosc, id_pytania, id_kierunku) VALUES (1,8,35,8);
INSERT INTO wartosc_oczekiwana (id_wartosci_oczekiwanej, wartosc, id_pytania, id_kierunku) VALUES (1,6,36,8);
INSERT INTO wartosc_oczekiwana (id_wartosci_oczekiwanej, wartosc, id_pytania, id_kierunku) VALUES (1,8,37,8);
INSERT INTO wartosc_oczekiwana (id_wartosci_oczekiwanej, wartosc, id_pytania, id_kierunku) VALUES (1,8,38,8);
INSERT INTO wartosc_oczekiwana (id_wartosci_oczekiwanej, wartosc, id_pytania, id_kierunku) VALUES (1,9,39,8);
INSERT INTO wartosc_oczekiwana (id_wartosci_oczekiwanej, wartosc, id_pytania, id_kierunku) VALUES (1,5,40,8);
INSERT INTO wartosc_oczekiwana (id_wartosci_oczekiwanej, wartosc, id_pytania, id_kierunku) VALUES (1,5,41,8);
INSERT INTO wartosc_oczekiwana (id_wartosci_oczekiwanej, wartosc, id_pytania, id_kierunku) VALUES (1,5,1,9);
INSERT INTO wartosc_oczekiwana (id_wartosci_oczekiwanej, wartosc, id_pytania, id_kierunku) VALUES (1,3,2,9);
INSERT INTO wartosc_oczekiwana (id_wartosci_oczekiwanej, wartosc, id_pytania, id_kierunku) VALUES (1,3,3,9);
INSERT INTO wartosc_oczekiwana (id_wartosci_oczekiwanej, wartosc, id_pytania, id_kierunku) VALUES (1,3,4,9);
INSERT INTO wartosc_oczekiwana (id_wartosci_oczekiwanej, wartosc, id_pytania, id_kierunku) VALUES (1,1,5,9);
INSERT INTO wartosc_oczekiwana (id_wartosci_oczekiwanej, wartosc, id_pytania, id_kierunku) VALUES (1,8,6,9);
INSERT INTO wartosc_oczekiwana (id_wartosci_oczekiwanej, wartosc, id_pytania, id_kierunku) VALUES (1,8,7,9);
INSERT INTO wartosc_oczekiwana (id_wartosci_oczekiwanej, wartosc, id_pytania, id_kierunku) VALUES (1,8,8,9);
INSERT INTO wartosc_oczekiwana (id_wartosci_oczekiwanej, wartosc, id_pytania, id_kierunku) VALUES (1,8,9,9);
INSERT INTO wartosc_oczekiwana (id_wartosci_oczekiwanej, wartosc, id_pytania, id_kierunku) VALUES (1,1,10,9);
INSERT INTO wartosc_oczekiwana (id_wartosci_oczekiwanej, wartosc, id_pytania, id_kierunku) VALUES (1,2,11,9);
INSERT INTO wartosc_oczekiwana (id_wartosci_oczekiwanej, wartosc, id_pytania, id_kierunku) VALUES (1,7,12,9);
INSERT INTO wartosc_oczekiwana (id_wartosci_oczekiwanej, wartosc, id_pytania, id_kierunku) VALUES (1,2,13,9);
INSERT INTO wartosc_oczekiwana (id_wartosci_oczekiwanej, wartosc, id_pytania, id_kierunku) VALUES (1,8,14,9);
INSERT INTO wartosc_oczekiwana (id_wartosci_oczekiwanej, wartosc, id_pytania, id_kierunku) VALUES (1,7,15,9);
INSERT INTO wartosc_oczekiwana (id_wartosci_oczekiwanej, wartosc, id_pytania, id_kierunku) VALUES (1,1,16,9);
INSERT INTO wartosc_oczekiwana (id_wartosci_oczekiwanej, wartosc, id_pytania, id_kierunku) VALUES (1,9,17,9);
INSERT INTO wartosc_oczekiwana (id_wartosci_oczekiwanej, wartosc, id_pytania, id_kierunku) VALUES (1,3,18,9);
INSERT INTO wartosc_oczekiwana (id_wartosci_oczekiwanej, wartosc, id_pytania, id_kierunku) VALUES (1,9,19,9);
INSERT INTO wartosc_oczekiwana (id_wartosci_oczekiwanej, wartosc, id_pytania, id_kierunku) VALUES (1,3,20,9);
INSERT INTO wartosc_oczekiwana (id_wartosci_oczekiwanej, wartosc, id_pytania, id_kierunku) VALUES (1,9,21,9);
INSERT INTO wartosc_oczekiwana (id_wartosci_oczekiwanej, wartosc, id_pytania, id_kierunku) VALUES (1,8,22,9);
INSERT INTO wartosc_oczekiwana (id_wartosci_oczekiwanej, wartosc, id_pytania, id_kierunku) VALUES (1,5,23,9);
INSERT INTO wartosc_oczekiwana (id_wartosci_oczekiwanej, wartosc, id_pytania, id_kierunku) VALUES (1,2,24,9);
INSERT INTO wartosc_oczekiwana (id_wartosci_oczekiwanej, wartosc, id_pytania, id_kierunku) VALUES (1,2,25,9);
INSERT INTO wartosc_oczekiwana (id_wartosci_oczekiwanej, wartosc, id_pytania, id_kierunku) VALUES (1,9,26,9);
INSERT INTO wartosc_oczekiwana (id_wartosci_oczekiwanej, wartosc, id_pytania, id_kierunku) VALUES (1,10,27,9);
INSERT INTO wartosc_oczekiwana (id_wartosci_oczekiwanej, wartosc, id_pytania, id_kierunku) VALUES (1,6,28,9);
INSERT INTO wartosc_oczekiwana (id_wartosci_oczekiwanej, wartosc, id_pytania, id_kierunku) VALUES (1,6,29,9);
INSERT INTO wartosc_oczekiwana (id_wartosci_oczekiwanej, wartosc, id_pytania, id_kierunku) VALUES (1,5,30,9);
INSERT INTO wartosc_oczekiwana (id_wartosci_oczekiwanej, wartosc, id_pytania, id_kierunku) VALUES (1,6,31,9);
INSERT INTO wartosc_oczekiwana (id_wartosci_oczekiwanej, wartosc, id_pytania, id_kierunku) VALUES (1,8,32,9);
INSERT INTO wartosc_oczekiwana (id_wartosci_oczekiwanej, wartosc, id_pytania, id_kierunku) VALUES (1,2,33,9);
INSERT INTO wartosc_oczekiwana (id_wartosci_oczekiwanej, wartosc, id_pytania, id_kierunku) VALUES (1,10,34,9);
INSERT INTO wartosc_oczekiwana (id_wartosci_oczekiwanej, wartosc, id_pytania, id_kierunku) VALUES (1,9,35,9);
INSERT INTO wartosc_oczekiwana (id_wartosci_oczekiwanej, wartosc, id_pytania, id_kierunku) VALUES (1,9,36,9);
INSERT INTO wartosc_oczekiwana (id_wartosci_oczekiwanej, wartosc, id_pytania, id_kierunku) VALUES (1,7,37,9);
INSERT INTO wartosc_oczekiwana (id_wartosci_oczekiwanej, wartosc, id_pytania, id_kierunku) VALUES (1,8,38,9);
INSERT INTO wartosc_oczekiwana (id_wartosci_oczekiwanej, wartosc, id_pytania, id_kierunku) VALUES (1,5,39,9);
INSERT INTO wartosc_oczekiwana (id_wartosci_oczekiwanej, wartosc, id_pytania, id_kierunku) VALUES (1,1,40,9);
INSERT INTO wartosc_oczekiwana (id_wartosci_oczekiwanej, wartosc, id_pytania, id_kierunku) VALUES (1,1,41,9);
INSERT INTO wartosc_oczekiwana (id_wartosci_oczekiwanej, wartosc, id_pytania, id_kierunku) VALUES (1,5,1,10);
INSERT INTO wartosc_oczekiwana (id_wartosci_oczekiwanej, wartosc, id_pytania, id_kierunku) VALUES (1,2,2,10);
INSERT INTO wartosc_oczekiwana (id_wartosci_oczekiwanej, wartosc, id_pytania, id_kierunku) VALUES (1,3,3,10);
INSERT INTO wartosc_oczekiwana (id_wartosci_oczekiwanej, wartosc, id_pytania, id_kierunku) VALUES (1,3,4,10);
INSERT INTO wartosc_oczekiwana (id_wartosci_oczekiwanej, wartosc, id_pytania, id_kierunku) VALUES (1,1,5,10);
INSERT INTO wartosc_oczekiwana (id_wartosci_oczekiwanej, wartosc, id_pytania, id_kierunku) VALUES (1,8,6,10);
INSERT INTO wartosc_oczekiwana (id_wartosci_oczekiwanej, wartosc, id_pytania, id_kierunku) VALUES (1,9,7,10);
INSERT INTO wartosc_oczekiwana (id_wartosci_oczekiwanej, wartosc, id_pytania, id_kierunku) VALUES (1,9,8,10);
INSERT INTO wartosc_oczekiwana (id_wartosci_oczekiwanej, wartosc, id_pytania, id_kierunku) VALUES (1,9,9,10);
INSERT INTO wartosc_oczekiwana (id_wartosci_oczekiwanej, wartosc, id_pytania, id_kierunku) VALUES (1,1,10,10);
INSERT INTO wartosc_oczekiwana (id_wartosci_oczekiwanej, wartosc, id_pytania, id_kierunku) VALUES (1,8,11,10);
INSERT INTO wartosc_oczekiwana (id_wartosci_oczekiwanej, wartosc, id_pytania, id_kierunku) VALUES (1,5,12,10);
INSERT INTO wartosc_oczekiwana (id_wartosci_oczekiwanej, wartosc, id_pytania, id_kierunku) VALUES (1,10,13,10);
INSERT INTO wartosc_oczekiwana (id_wartosci_oczekiwanej, wartosc, id_pytania, id_kierunku) VALUES (1,6,14,10);
INSERT INTO wartosc_oczekiwana (id_wartosci_oczekiwanej, wartosc, id_pytania, id_kierunku) VALUES (1,8,15,10);
INSERT INTO wartosc_oczekiwana (id_wartosci_oczekiwanej, wartosc, id_pytania, id_kierunku) VALUES (1,3,16,10);
INSERT INTO wartosc_oczekiwana (id_wartosci_oczekiwanej, wartosc, id_pytania, id_kierunku) VALUES (1,9,17,10);
INSERT INTO wartosc_oczekiwana (id_wartosci_oczekiwanej, wartosc, id_pytania, id_kierunku) VALUES (1,4,18,10);
INSERT INTO wartosc_oczekiwana (id_wartosci_oczekiwanej, wartosc, id_pytania, id_kierunku) VALUES (1,9,19,10);
INSERT INTO wartosc_oczekiwana (id_wartosci_oczekiwanej, wartosc, id_pytania, id_kierunku) VALUES (1,4,20,10);
INSERT INTO wartosc_oczekiwana (id_wartosci_oczekiwanej, wartosc, id_pytania, id_kierunku) VALUES (1,5,21,10);
INSERT INTO wartosc_oczekiwana (id_wartosci_oczekiwanej, wartosc, id_pytania, id_kierunku) VALUES (1,7,22,10);
INSERT INTO wartosc_oczekiwana (id_wartosci_oczekiwanej, wartosc, id_pytania, id_kierunku) VALUES (1,5,23,10);
INSERT INTO wartosc_oczekiwana (id_wartosci_oczekiwanej, wartosc, id_pytania, id_kierunku) VALUES (1,9,24,10);
INSERT INTO wartosc_oczekiwana (id_wartosci_oczekiwanej, wartosc, id_pytania, id_kierunku) VALUES (1,2,25,10);
INSERT INTO wartosc_oczekiwana (id_wartosci_oczekiwanej, wartosc, id_pytania, id_kierunku) VALUES (1,7,26,10);
INSERT INTO wartosc_oczekiwana (id_wartosci_oczekiwanej, wartosc, id_pytania, id_kierunku) VALUES (1,5,27,10);
INSERT INTO wartosc_oczekiwana (id_wartosci_oczekiwanej, wartosc, id_pytania, id_kierunku) VALUES (1,5,28,10);
INSERT INTO wartosc_oczekiwana (id_wartosci_oczekiwanej, wartosc, id_pytania, id_kierunku) VALUES (1,6,29,10);
INSERT INTO wartosc_oczekiwana (id_wartosci_oczekiwanej, wartosc, id_pytania, id_kierunku) VALUES (1,5,30,10);
INSERT INTO wartosc_oczekiwana (id_wartosci_oczekiwanej, wartosc, id_pytania, id_kierunku) VALUES (1,4,31,10);
INSERT INTO wartosc_oczekiwana (id_wartosci_oczekiwanej, wartosc, id_pytania, id_kierunku) VALUES (1,5,32,10);
INSERT INTO wartosc_oczekiwana (id_wartosci_oczekiwanej, wartosc, id_pytania, id_kierunku) VALUES (1,3,33,10);
INSERT INTO wartosc_oczekiwana (id_wartosci_oczekiwanej, wartosc, id_pytania, id_kierunku) VALUES (1,8,34,10);
INSERT INTO wartosc_oczekiwana (id_wartosci_oczekiwanej, wartosc, id_pytania, id_kierunku) VALUES (1,8,35,10);
INSERT INTO wartosc_oczekiwana (id_wartosci_oczekiwanej, wartosc, id_pytania, id_kierunku) VALUES (1,5,36,10);
INSERT INTO wartosc_oczekiwana (id_wartosci_oczekiwanej, wartosc, id_pytania, id_kierunku) VALUES (1,6,37,10);
INSERT INTO wartosc_oczekiwana (id_wartosci_oczekiwanej, wartosc, id_pytania, id_kierunku) VALUES (1,7,38,10);
INSERT INTO wartosc_oczekiwana (id_wartosci_oczekiwanej, wartosc, id_pytania, id_kierunku) VALUES (1,6,39,10);
INSERT INTO wartosc_oczekiwana (id_wartosci_oczekiwanej, wartosc, id_pytania, id_kierunku) VALUES (1,9,40,10);
INSERT INTO wartosc_oczekiwana (id_wartosci_oczekiwanej, wartosc, id_pytania, id_kierunku) VALUES (1,9,41,10);
INSERT INTO wartosc_oczekiwana (id_wartosci_oczekiwanej, wartosc, id_pytania, id_kierunku) VALUES (1,6,1,11);
INSERT INTO wartosc_oczekiwana (id_wartosci_oczekiwanej, wartosc, id_pytania, id_kierunku) VALUES (1,2,2,11);
INSERT INTO wartosc_oczekiwana (id_wartosci_oczekiwanej, wartosc, id_pytania, id_kierunku) VALUES (1,5,3,11);
INSERT INTO wartosc_oczekiwana (id_wartosci_oczekiwanej, wartosc, id_pytania, id_kierunku) VALUES (1,7,4,11);
INSERT INTO wartosc_oczekiwana (id_wartosci_oczekiwanej, wartosc, id_pytania, id_kierunku) VALUES (1,3,5,11);
INSERT INTO wartosc_oczekiwana (id_wartosci_oczekiwanej, wartosc, id_pytania, id_kierunku) VALUES (1,7,6,11);
INSERT INTO wartosc_oczekiwana (id_wartosci_oczekiwanej, wartosc, id_pytania, id_kierunku) VALUES (1,7,7,11);
INSERT INTO wartosc_oczekiwana (id_wartosci_oczekiwanej, wartosc, id_pytania, id_kierunku) VALUES (1,6,8,11);
INSERT INTO wartosc_oczekiwana (id_wartosci_oczekiwanej, wartosc, id_pytania, id_kierunku) VALUES (1,5,9,11);
INSERT INTO wartosc_oczekiwana (id_wartosci_oczekiwanej, wartosc, id_pytania, id_kierunku) VALUES (1,1,10,11);
INSERT INTO wartosc_oczekiwana (id_wartosci_oczekiwanej, wartosc, id_pytania, id_kierunku) VALUES (1,2,11,11);
INSERT INTO wartosc_oczekiwana (id_wartosci_oczekiwanej, wartosc, id_pytania, id_kierunku) VALUES (1,8,12,11);
INSERT INTO wartosc_oczekiwana (id_wartosci_oczekiwanej, wartosc, id_pytania, id_kierunku) VALUES (1,7,13,11);
INSERT INTO wartosc_oczekiwana (id_wartosci_oczekiwanej, wartosc, id_pytania, id_kierunku) VALUES (1,7,14,11);
INSERT INTO wartosc_oczekiwana (id_wartosci_oczekiwanej, wartosc, id_pytania, id_kierunku) VALUES (1,7,15,11);
INSERT INTO wartosc_oczekiwana (id_wartosci_oczekiwanej, wartosc, id_pytania, id_kierunku) VALUES (1,3,16,11);
INSERT INTO wartosc_oczekiwana (id_wartosci_oczekiwanej, wartosc, id_pytania, id_kierunku) VALUES (1,5,17,11);
INSERT INTO wartosc_oczekiwana (id_wartosci_oczekiwanej, wartosc, id_pytania, id_kierunku) VALUES (1,4,18,11);
INSERT INTO wartosc_oczekiwana (id_wartosci_oczekiwanej, wartosc, id_pytania, id_kierunku) VALUES (1,7,19,11);
INSERT INTO wartosc_oczekiwana (id_wartosci_oczekiwanej, wartosc, id_pytania, id_kierunku) VALUES (1,7,20,11);
INSERT INTO wartosc_oczekiwana (id_wartosci_oczekiwanej, wartosc, id_pytania, id_kierunku) VALUES (1,3,21,11);
INSERT INTO wartosc_oczekiwana (id_wartosci_oczekiwanej, wartosc, id_pytania, id_kierunku) VALUES (1,3,22,11);
INSERT INTO wartosc_oczekiwana (id_wartosci_oczekiwanej, wartosc, id_pytania, id_kierunku) VALUES (1,4,23,11);
INSERT INTO wartosc_oczekiwana (id_wartosci_oczekiwanej, wartosc, id_pytania, id_kierunku) VALUES (1,2,24,11);
INSERT INTO wartosc_oczekiwana (id_wartosci_oczekiwanej, wartosc, id_pytania, id_kierunku) VALUES (1,3,25,11);
INSERT INTO wartosc_oczekiwana (id_wartosci_oczekiwanej, wartosc, id_pytania, id_kierunku) VALUES (1,4,26,11);
INSERT INTO wartosc_oczekiwana (id_wartosci_oczekiwanej, wartosc, id_pytania, id_kierunku) VALUES (1,5,27,11);
INSERT INTO wartosc_oczekiwana (id_wartosci_oczekiwanej, wartosc, id_pytania, id_kierunku) VALUES (1,3,28,11);
INSERT INTO wartosc_oczekiwana (id_wartosci_oczekiwanej, wartosc, id_pytania, id_kierunku) VALUES (1,6,29,11);
INSERT INTO wartosc_oczekiwana (id_wartosci_oczekiwanej, wartosc, id_pytania, id_kierunku) VALUES (1,3,30,11);
INSERT INTO wartosc_oczekiwana (id_wartosci_oczekiwanej, wartosc, id_pytania, id_kierunku) VALUES (1,6,31,11);
INSERT INTO wartosc_oczekiwana (id_wartosci_oczekiwanej, wartosc, id_pytania, id_kierunku) VALUES (1,6,32,11);
INSERT INTO wartosc_oczekiwana (id_wartosci_oczekiwanej, wartosc, id_pytania, id_kierunku) VALUES (1,4,33,11);
INSERT INTO wartosc_oczekiwana (id_wartosci_oczekiwanej, wartosc, id_pytania, id_kierunku) VALUES (1,4,34,11);
INSERT INTO wartosc_oczekiwana (id_wartosci_oczekiwanej, wartosc, id_pytania, id_kierunku) VALUES (1,6,35,11);
INSERT INTO wartosc_oczekiwana (id_wartosci_oczekiwanej, wartosc, id_pytania, id_kierunku) VALUES (1,3,36,11);
INSERT INTO wartosc_oczekiwana (id_wartosci_oczekiwanej, wartosc, id_pytania, id_kierunku) VALUES (1,3,37,11);
INSERT INTO wartosc_oczekiwana (id_wartosci_oczekiwanej, wartosc, id_pytania, id_kierunku) VALUES (1,5,38,11);
INSERT INTO wartosc_oczekiwana (id_wartosci_oczekiwanej, wartosc, id_pytania, id_kierunku) VALUES (1,2,39,11);
INSERT INTO wartosc_oczekiwana (id_wartosci_oczekiwanej, wartosc, id_pytania, id_kierunku) VALUES (1,4,40,11);
INSERT INTO wartosc_oczekiwana (id_wartosci_oczekiwanej, wartosc, id_pytania, id_kierunku) VALUES (1,3,41,11);
INSERT INTO wartosc_oczekiwana (id_wartosci_oczekiwanej, wartosc, id_pytania, id_kierunku) VALUES (1,4,1,12);
INSERT INTO wartosc_oczekiwana (id_wartosci_oczekiwanej, wartosc, id_pytania, id_kierunku) VALUES (1,9,2,12);
INSERT INTO wartosc_oczekiwana (id_wartosci_oczekiwanej, wartosc, id_pytania, id_kierunku) VALUES (1,3,3,12);
INSERT INTO wartosc_oczekiwana (id_wartosci_oczekiwanej, wartosc, id_pytania, id_kierunku) VALUES (1,3,4,12);
INSERT INTO wartosc_oczekiwana (id_wartosci_oczekiwanej, wartosc, id_pytania, id_kierunku) VALUES (1,4,5,12);
INSERT INTO wartosc_oczekiwana (id_wartosci_oczekiwanej, wartosc, id_pytania, id_kierunku) VALUES (1,9,6,12);
INSERT INTO wartosc_oczekiwana (id_wartosci_oczekiwanej, wartosc, id_pytania, id_kierunku) VALUES (1,9,7,12);
INSERT INTO wartosc_oczekiwana (id_wartosci_oczekiwanej, wartosc, id_pytania, id_kierunku) VALUES (1,8,8,12);
INSERT INTO wartosc_oczekiwana (id_wartosci_oczekiwanej, wartosc, id_pytania, id_kierunku) VALUES (1,1,9,12);
INSERT INTO wartosc_oczekiwana (id_wartosci_oczekiwanej, wartosc, id_pytania, id_kierunku) VALUES (1,10,10,12);
INSERT INTO wartosc_oczekiwana (id_wartosci_oczekiwanej, wartosc, id_pytania, id_kierunku) VALUES (1,5,11,12);
INSERT INTO wartosc_oczekiwana (id_wartosci_oczekiwanej, wartosc, id_pytania, id_kierunku) VALUES (1,5,12,12);
INSERT INTO wartosc_oczekiwana (id_wartosci_oczekiwanej, wartosc, id_pytania, id_kierunku) VALUES (1,2,13,12);
INSERT INTO wartosc_oczekiwana (id_wartosci_oczekiwanej, wartosc, id_pytania, id_kierunku) VALUES (1,2,14,12);
INSERT INTO wartosc_oczekiwana (id_wartosci_oczekiwanej, wartosc, id_pytania, id_kierunku) VALUES (1,2,15,12);
INSERT INTO wartosc_oczekiwana (id_wartosci_oczekiwanej, wartosc, id_pytania, id_kierunku) VALUES (1,1,16,12);
INSERT INTO wartosc_oczekiwana (id_wartosci_oczekiwanej, wartosc, id_pytania, id_kierunku) VALUES (1,9,17,12);
INSERT INTO wartosc_oczekiwana (id_wartosci_oczekiwanej, wartosc, id_pytania, id_kierunku) VALUES (1,2,18,12);
INSERT INTO wartosc_oczekiwana (id_wartosci_oczekiwanej, wartosc, id_pytania, id_kierunku) VALUES (1,9,19,12);
INSERT INTO wartosc_oczekiwana (id_wartosci_oczekiwanej, wartosc, id_pytania, id_kierunku) VALUES (1,7,20,12);
INSERT INTO wartosc_oczekiwana (id_wartosci_oczekiwanej, wartosc, id_pytania, id_kierunku) VALUES (1,8,21,12);
INSERT INTO wartosc_oczekiwana (id_wartosci_oczekiwanej, wartosc, id_pytania, id_kierunku) VALUES (1,8,22,12);
INSERT INTO wartosc_oczekiwana (id_wartosci_oczekiwanej, wartosc, id_pytania, id_kierunku) VALUES (1,5,23,12);
INSERT INTO wartosc_oczekiwana (id_wartosci_oczekiwanej, wartosc, id_pytania, id_kierunku) VALUES (1,5,24,12);
INSERT INTO wartosc_oczekiwana (id_wartosci_oczekiwanej, wartosc, id_pytania, id_kierunku) VALUES (1,1,25,12);
INSERT INTO wartosc_oczekiwana (id_wartosci_oczekiwanej, wartosc, id_pytania, id_kierunku) VALUES (1,7,26,12);
INSERT INTO wartosc_oczekiwana (id_wartosci_oczekiwanej, wartosc, id_pytania, id_kierunku) VALUES (1,5,27,12);
INSERT INTO wartosc_oczekiwana (id_wartosci_oczekiwanej, wartosc, id_pytania, id_kierunku) VALUES (1,6,28,12);
INSERT INTO wartosc_oczekiwana (id_wartosci_oczekiwanej, wartosc, id_pytania, id_kierunku) VALUES (1,3,29,12);
INSERT INTO wartosc_oczekiwana (id_wartosci_oczekiwanej, wartosc, id_pytania, id_kierunku) VALUES (1,3,30,12);
INSERT INTO wartosc_oczekiwana (id_wartosci_oczekiwanej, wartosc, id_pytania, id_kierunku) VALUES (1,1,31,12);
INSERT INTO wartosc_oczekiwana (id_wartosci_oczekiwanej, wartosc, id_pytania, id_kierunku) VALUES (1,6,32,12);
INSERT INTO wartosc_oczekiwana (id_wartosci_oczekiwanej, wartosc, id_pytania, id_kierunku) VALUES (1,1,33,12);
INSERT INTO wartosc_oczekiwana (id_wartosci_oczekiwanej, wartosc, id_pytania, id_kierunku) VALUES (1,4,34,12);
INSERT INTO wartosc_oczekiwana (id_wartosci_oczekiwanej, wartosc, id_pytania, id_kierunku) VALUES (1,5,35,12);
INSERT INTO wartosc_oczekiwana (id_wartosci_oczekiwanej, wartosc, id_pytania, id_kierunku) VALUES (1,4,36,12);
INSERT INTO wartosc_oczekiwana (id_wartosci_oczekiwanej, wartosc, id_pytania, id_kierunku) VALUES (1,3,37,12);
INSERT INTO wartosc_oczekiwana (id_wartosci_oczekiwanej, wartosc, id_pytania, id_kierunku) VALUES (1,6,38,12);
INSERT INTO wartosc_oczekiwana (id_wartosci_oczekiwanej, wartosc, id_pytania, id_kierunku) VALUES (1,3,39,12);
INSERT INTO wartosc_oczekiwana (id_wartosci_oczekiwanej, wartosc, id_pytania, id_kierunku) VALUES (1,3,40,12);
INSERT INTO wartosc_oczekiwana (id_wartosci_oczekiwanej, wartosc, id_pytania, id_kierunku) VALUES (1,7,41,12);
INSERT INTO wartosc_oczekiwana (id_wartosci_oczekiwanej, wartosc, id_pytania, id_kierunku) VALUES (1,9,1,13);
INSERT INTO wartosc_oczekiwana (id_wartosci_oczekiwanej, wartosc, id_pytania, id_kierunku) VALUES (1,8,2,13);
INSERT INTO wartosc_oczekiwana (id_wartosci_oczekiwanej, wartosc, id_pytania, id_kierunku) VALUES (1,9,3,13);
INSERT INTO wartosc_oczekiwana (id_wartosci_oczekiwanej, wartosc, id_pytania, id_kierunku) VALUES (1,9,4,13);
INSERT INTO wartosc_oczekiwana (id_wartosci_oczekiwanej, wartosc, id_pytania, id_kierunku) VALUES (1,5,5,13);
INSERT INTO wartosc_oczekiwana (id_wartosci_oczekiwanej, wartosc, id_pytania, id_kierunku) VALUES (1,7,6,13);
INSERT INTO wartosc_oczekiwana (id_wartosci_oczekiwanej, wartosc, id_pytania, id_kierunku) VALUES (1,9,7,13);
INSERT INTO wartosc_oczekiwana (id_wartosci_oczekiwanej, wartosc, id_pytania, id_kierunku) VALUES (1,7,8,13);
INSERT INTO wartosc_oczekiwana (id_wartosci_oczekiwanej, wartosc, id_pytania, id_kierunku) VALUES (1,5,9,13);
INSERT INTO wartosc_oczekiwana (id_wartosci_oczekiwanej, wartosc, id_pytania, id_kierunku) VALUES (1,9,10,13);
INSERT INTO wartosc_oczekiwana (id_wartosci_oczekiwanej, wartosc, id_pytania, id_kierunku) VALUES (1,4,11,13);
INSERT INTO wartosc_oczekiwana (id_wartosci_oczekiwanej, wartosc, id_pytania, id_kierunku) VALUES (1,4,12,13);
INSERT INTO wartosc_oczekiwana (id_wartosci_oczekiwanej, wartosc, id_pytania, id_kierunku) VALUES (1,3,13,13);
INSERT INTO wartosc_oczekiwana (id_wartosci_oczekiwanej, wartosc, id_pytania, id_kierunku) VALUES (1,4,14,13);
INSERT INTO wartosc_oczekiwana (id_wartosci_oczekiwanej, wartosc, id_pytania, id_kierunku) VALUES (1,7,15,13);
INSERT INTO wartosc_oczekiwana (id_wartosci_oczekiwanej, wartosc, id_pytania, id_kierunku) VALUES (1,2,16,13);
INSERT INTO wartosc_oczekiwana (id_wartosci_oczekiwanej, wartosc, id_pytania, id_kierunku) VALUES (1,6,17,13);
INSERT INTO wartosc_oczekiwana (id_wartosci_oczekiwanej, wartosc, id_pytania, id_kierunku) VALUES (1,5,18,13);
INSERT INTO wartosc_oczekiwana (id_wartosci_oczekiwanej, wartosc, id_pytania, id_kierunku) VALUES (1,3,19,13);
INSERT INTO wartosc_oczekiwana (id_wartosci_oczekiwanej, wartosc, id_pytania, id_kierunku) VALUES (1,10,20,13);
INSERT INTO wartosc_oczekiwana (id_wartosci_oczekiwanej, wartosc, id_pytania, id_kierunku) VALUES (1,4,21,13);
INSERT INTO wartosc_oczekiwana (id_wartosci_oczekiwanej, wartosc, id_pytania, id_kierunku) VALUES (1,5,22,13);
INSERT INTO wartosc_oczekiwana (id_wartosci_oczekiwanej, wartosc, id_pytania, id_kierunku) VALUES (1,7,23,13);
INSERT INTO wartosc_oczekiwana (id_wartosci_oczekiwanej, wartosc, id_pytania, id_kierunku) VALUES (1,4,24,13);
INSERT INTO wartosc_oczekiwana (id_wartosci_oczekiwanej, wartosc, id_pytania, id_kierunku) VALUES (1,3,25,13);
INSERT INTO wartosc_oczekiwana (id_wartosci_oczekiwanej, wartosc, id_pytania, id_kierunku) VALUES (1,8,26,13);
INSERT INTO wartosc_oczekiwana (id_wartosci_oczekiwanej, wartosc, id_pytania, id_kierunku) VALUES (1,7,27,13);
INSERT INTO wartosc_oczekiwana (id_wartosci_oczekiwanej, wartosc, id_pytania, id_kierunku) VALUES (1,6,28,13);
INSERT INTO wartosc_oczekiwana (id_wartosci_oczekiwanej, wartosc, id_pytania, id_kierunku) VALUES (1,9,29,13);
INSERT INTO wartosc_oczekiwana (id_wartosci_oczekiwanej, wartosc, id_pytania, id_kierunku) VALUES (1,2,30,13);
INSERT INTO wartosc_oczekiwana (id_wartosci_oczekiwanej, wartosc, id_pytania, id_kierunku) VALUES (1,9,31,13);
INSERT INTO wartosc_oczekiwana (id_wartosci_oczekiwanej, wartosc, id_pytania, id_kierunku) VALUES (1,10,32,13);
INSERT INTO wartosc_oczekiwana (id_wartosci_oczekiwanej, wartosc, id_pytania, id_kierunku) VALUES (1,6,33,13);
INSERT INTO wartosc_oczekiwana (id_wartosci_oczekiwanej, wartosc, id_pytania, id_kierunku) VALUES (1,5,34,13);
INSERT INTO wartosc_oczekiwana (id_wartosci_oczekiwanej, wartosc, id_pytania, id_kierunku) VALUES (1,8,35,13);
INSERT INTO wartosc_oczekiwana (id_wartosci_oczekiwanej, wartosc, id_pytania, id_kierunku) VALUES (1,4,36,13);
INSERT INTO wartosc_oczekiwana (id_wartosci_oczekiwanej, wartosc, id_pytania, id_kierunku) VALUES (1,5,37,13);
INSERT INTO wartosc_oczekiwana (id_wartosci_oczekiwanej, wartosc, id_pytania, id_kierunku) VALUES (1,8,38,13);
INSERT INTO wartosc_oczekiwana (id_wartosci_oczekiwanej, wartosc, id_pytania, id_kierunku) VALUES (1,10,39,13);
INSERT INTO wartosc_oczekiwana (id_wartosci_oczekiwanej, wartosc, id_pytania, id_kierunku) VALUES (1,3,40,13);
INSERT INTO wartosc_oczekiwana (id_wartosci_oczekiwanej, wartosc, id_pytania, id_kierunku) VALUES (1,4,41,13);
INSERT INTO wartosc_oczekiwana (id_wartosci_oczekiwanej, wartosc, id_pytania, id_kierunku) VALUES (1,6,1,14);
INSERT INTO wartosc_oczekiwana (id_wartosci_oczekiwanej, wartosc, id_pytania, id_kierunku) VALUES (1,6,2,14);
INSERT INTO wartosc_oczekiwana (id_wartosci_oczekiwanej, wartosc, id_pytania, id_kierunku) VALUES (1,5,3,14);
INSERT INTO wartosc_oczekiwana (id_wartosci_oczekiwanej, wartosc, id_pytania, id_kierunku) VALUES (1,4,4,14);
INSERT INTO wartosc_oczekiwana (id_wartosci_oczekiwanej, wartosc, id_pytania, id_kierunku) VALUES (1,3,5,14);
INSERT INTO wartosc_oczekiwana (id_wartosci_oczekiwanej, wartosc, id_pytania, id_kierunku) VALUES (1,8,6,14);
INSERT INTO wartosc_oczekiwana (id_wartosci_oczekiwanej, wartosc, id_pytania, id_kierunku) VALUES (1,8,7,14);
INSERT INTO wartosc_oczekiwana (id_wartosci_oczekiwanej, wartosc, id_pytania, id_kierunku) VALUES (1,9,8,14);
INSERT INTO wartosc_oczekiwana (id_wartosci_oczekiwanej, wartosc, id_pytania, id_kierunku) VALUES (1,10,9,14);
INSERT INTO wartosc_oczekiwana (id_wartosci_oczekiwanej, wartosc, id_pytania, id_kierunku) VALUES (1,4,10,14);
INSERT INTO wartosc_oczekiwana (id_wartosci_oczekiwanej, wartosc, id_pytania, id_kierunku) VALUES (1,9,11,14);
INSERT INTO wartosc_oczekiwana (id_wartosci_oczekiwanej, wartosc, id_pytania, id_kierunku) VALUES (1,10,12,14);
INSERT INTO wartosc_oczekiwana (id_wartosci_oczekiwanej, wartosc, id_pytania, id_kierunku) VALUES (1,10,13,14);
INSERT INTO wartosc_oczekiwana (id_wartosci_oczekiwanej, wartosc, id_pytania, id_kierunku) VALUES (1,10,14,14);
INSERT INTO wartosc_oczekiwana (id_wartosci_oczekiwanej, wartosc, id_pytania, id_kierunku) VALUES (1,9,15,14);
INSERT INTO wartosc_oczekiwana (id_wartosci_oczekiwanej, wartosc, id_pytania, id_kierunku) VALUES (1,3,16,14);
INSERT INTO wartosc_oczekiwana (id_wartosci_oczekiwanej, wartosc, id_pytania, id_kierunku) VALUES (1,10,17,14);
INSERT INTO wartosc_oczekiwana (id_wartosci_oczekiwanej, wartosc, id_pytania, id_kierunku) VALUES (1,5,18,14);
INSERT INTO wartosc_oczekiwana (id_wartosci_oczekiwanej, wartosc, id_pytania, id_kierunku) VALUES (1,10,19,14);
INSERT INTO wartosc_oczekiwana (id_wartosci_oczekiwanej, wartosc, id_pytania, id_kierunku) VALUES (1,7,20,14);
INSERT INTO wartosc_oczekiwana (id_wartosci_oczekiwanej, wartosc, id_pytania, id_kierunku) VALUES (1,8,21,14);
INSERT INTO wartosc_oczekiwana (id_wartosci_oczekiwanej, wartosc, id_pytania, id_kierunku) VALUES (1,8,22,14);
INSERT INTO wartosc_oczekiwana (id_wartosci_oczekiwanej, wartosc, id_pytania, id_kierunku) VALUES (1,8,23,14);
INSERT INTO wartosc_oczekiwana (id_wartosci_oczekiwanej, wartosc, id_pytania, id_kierunku) VALUES (1,9,24,14);
INSERT INTO wartosc_oczekiwana (id_wartosci_oczekiwanej, wartosc, id_pytania, id_kierunku) VALUES (1,5,25,14);
INSERT INTO wartosc_oczekiwana (id_wartosci_oczekiwanej, wartosc, id_pytania, id_kierunku) VALUES (1,9,26,14);
INSERT INTO wartosc_oczekiwana (id_wartosci_oczekiwanej, wartosc, id_pytania, id_kierunku) VALUES (1,10,27,14);
INSERT INTO wartosc_oczekiwana (id_wartosci_oczekiwanej, wartosc, id_pytania, id_kierunku) VALUES (1,8,28,14);
INSERT INTO wartosc_oczekiwana (id_wartosci_oczekiwanej, wartosc, id_pytania, id_kierunku) VALUES (1,5,29,14);
INSERT INTO wartosc_oczekiwana (id_wartosci_oczekiwanej, wartosc, id_pytania, id_kierunku) VALUES (1,9,30,14);
INSERT INTO wartosc_oczekiwana (id_wartosci_oczekiwanej, wartosc, id_pytania, id_kierunku) VALUES (1,4,31,14);
INSERT INTO wartosc_oczekiwana (id_wartosci_oczekiwanej, wartosc, id_pytania, id_kierunku) VALUES (1,7,32,14);
INSERT INTO wartosc_oczekiwana (id_wartosci_oczekiwanej, wartosc, id_pytania, id_kierunku) VALUES (1,4,33,14);
INSERT INTO wartosc_oczekiwana (id_wartosci_oczekiwanej, wartosc, id_pytania, id_kierunku) VALUES (1,9,34,14);
INSERT INTO wartosc_oczekiwana (id_wartosci_oczekiwanej, wartosc, id_pytania, id_kierunku) VALUES (1,9,35,14);
INSERT INTO wartosc_oczekiwana (id_wartosci_oczekiwanej, wartosc, id_pytania, id_kierunku) VALUES (1,8,36,14);
INSERT INTO wartosc_oczekiwana (id_wartosci_oczekiwanej, wartosc, id_pytania, id_kierunku) VALUES (1,10,37,14);
INSERT INTO wartosc_oczekiwana (id_wartosci_oczekiwanej, wartosc, id_pytania, id_kierunku) VALUES (1,9,38,14);
INSERT INTO wartosc_oczekiwana (id_wartosci_oczekiwanej, wartosc, id_pytania, id_kierunku) VALUES (1,8,39,14);
INSERT INTO wartosc_oczekiwana (id_wartosci_oczekiwanej, wartosc, id_pytania, id_kierunku) VALUES (1,10,40,14);
INSERT INTO wartosc_oczekiwana (id_wartosci_oczekiwanej, wartosc, id_pytania, id_kierunku) VALUES (1,9,41,14);
INSERT INTO wartosc_oczekiwana (id_wartosci_oczekiwanej, wartosc, id_pytania, id_kierunku) VALUES (1,6,1,15);
INSERT INTO wartosc_oczekiwana (id_wartosci_oczekiwanej, wartosc, id_pytania, id_kierunku) VALUES (1,5,2,15);
INSERT INTO wartosc_oczekiwana (id_wartosci_oczekiwanej, wartosc, id_pytania, id_kierunku) VALUES (1,3,3,15);
INSERT INTO wartosc_oczekiwana (id_wartosci_oczekiwanej, wartosc, id_pytania, id_kierunku) VALUES (1,3,4,15);
INSERT INTO wartosc_oczekiwana (id_wartosci_oczekiwanej, wartosc, id_pytania, id_kierunku) VALUES (1,1,5,15);
INSERT INTO wartosc_oczekiwana (id_wartosci_oczekiwanej, wartosc, id_pytania, id_kierunku) VALUES (1,8,6,15);
INSERT INTO wartosc_oczekiwana (id_wartosci_oczekiwanej, wartosc, id_pytania, id_kierunku) VALUES (1,4,7,15);
INSERT INTO wartosc_oczekiwana (id_wartosci_oczekiwanej, wartosc, id_pytania, id_kierunku) VALUES (1,9,8,15);
INSERT INTO wartosc_oczekiwana (id_wartosci_oczekiwanej, wartosc, id_pytania, id_kierunku) VALUES (1,5,9,15);
INSERT INTO wartosc_oczekiwana (id_wartosci_oczekiwanej, wartosc, id_pytania, id_kierunku) VALUES (1,1,10,15);
INSERT INTO wartosc_oczekiwana (id_wartosci_oczekiwanej, wartosc, id_pytania, id_kierunku) VALUES (1,2,11,15);
INSERT INTO wartosc_oczekiwana (id_wartosci_oczekiwanej, wartosc, id_pytania, id_kierunku) VALUES (1,1,12,15);
INSERT INTO wartosc_oczekiwana (id_wartosci_oczekiwanej, wartosc, id_pytania, id_kierunku) VALUES (1,1,13,15);
INSERT INTO wartosc_oczekiwana (id_wartosci_oczekiwanej, wartosc, id_pytania, id_kierunku) VALUES (1,2,14,15);
INSERT INTO wartosc_oczekiwana (id_wartosci_oczekiwanej, wartosc, id_pytania, id_kierunku) VALUES (1,2,15,15);
INSERT INTO wartosc_oczekiwana (id_wartosci_oczekiwanej, wartosc, id_pytania, id_kierunku) VALUES (1,7,16,15);
INSERT INTO wartosc_oczekiwana (id_wartosci_oczekiwanej, wartosc, id_pytania, id_kierunku) VALUES (1,9,17,15);
INSERT INTO wartosc_oczekiwana (id_wartosci_oczekiwanej, wartosc, id_pytania, id_kierunku) VALUES (1,1,18,15);
INSERT INTO wartosc_oczekiwana (id_wartosci_oczekiwanej, wartosc, id_pytania, id_kierunku) VALUES (1,9,19,15);
INSERT INTO wartosc_oczekiwana (id_wartosci_oczekiwanej, wartosc, id_pytania, id_kierunku) VALUES (1,8,20,15);
INSERT INTO wartosc_oczekiwana (id_wartosci_oczekiwanej, wartosc, id_pytania, id_kierunku) VALUES (1,8,21,15);
INSERT INTO wartosc_oczekiwana (id_wartosci_oczekiwanej, wartosc, id_pytania, id_kierunku) VALUES (1,7,22,15);
INSERT INTO wartosc_oczekiwana (id_wartosci_oczekiwanej, wartosc, id_pytania, id_kierunku) VALUES (1,9,23,15);
INSERT INTO wartosc_oczekiwana (id_wartosci_oczekiwanej, wartosc, id_pytania, id_kierunku) VALUES (1,3,24,15);
INSERT INTO wartosc_oczekiwana (id_wartosci_oczekiwanej, wartosc, id_pytania, id_kierunku) VALUES (1,2,25,15);
INSERT INTO wartosc_oczekiwana (id_wartosci_oczekiwanej, wartosc, id_pytania, id_kierunku) VALUES (1,8,26,15);
INSERT INTO wartosc_oczekiwana (id_wartosci_oczekiwanej, wartosc, id_pytania, id_kierunku) VALUES (1,7,27,15);
INSERT INTO wartosc_oczekiwana (id_wartosci_oczekiwanej, wartosc, id_pytania, id_kierunku) VALUES (1,8,28,15);
INSERT INTO wartosc_oczekiwana (id_wartosci_oczekiwanej, wartosc, id_pytania, id_kierunku) VALUES (1,5,29,15);
INSERT INTO wartosc_oczekiwana (id_wartosci_oczekiwanej, wartosc, id_pytania, id_kierunku) VALUES (1,3,30,15);
INSERT INTO wartosc_oczekiwana (id_wartosci_oczekiwanej, wartosc, id_pytania, id_kierunku) VALUES (1,4,31,15);
INSERT INTO wartosc_oczekiwana (id_wartosci_oczekiwanej, wartosc, id_pytania, id_kierunku) VALUES (1,6,32,15);
INSERT INTO wartosc_oczekiwana (id_wartosci_oczekiwanej, wartosc, id_pytania, id_kierunku) VALUES (1,2,33,15);
INSERT INTO wartosc_oczekiwana (id_wartosci_oczekiwanej, wartosc, id_pytania, id_kierunku) VALUES (1,10,34,15);
INSERT INTO wartosc_oczekiwana (id_wartosci_oczekiwanej, wartosc, id_pytania, id_kierunku) VALUES (1,8,35,15);
INSERT INTO wartosc_oczekiwana (id_wartosci_oczekiwanej, wartosc, id_pytania, id_kierunku) VALUES (1,7,36,15);
INSERT INTO wartosc_oczekiwana (id_wartosci_oczekiwanej, wartosc, id_pytania, id_kierunku) VALUES (1,7,37,15);
INSERT INTO wartosc_oczekiwana (id_wartosci_oczekiwanej, wartosc, id_pytania, id_kierunku) VALUES (1,8,38,15);
INSERT INTO wartosc_oczekiwana (id_wartosci_oczekiwanej, wartosc, id_pytania, id_kierunku) VALUES (1,7,39,15);
INSERT INTO wartosc_oczekiwana (id_wartosci_oczekiwanej, wartosc, id_pytania, id_kierunku) VALUES (1,1,40,15);
INSERT INTO wartosc_oczekiwana (id_wartosci_oczekiwanej, wartosc, id_pytania, id_kierunku) VALUES (1,1,41,15);
INSERT INTO wartosc_oczekiwana (id_wartosci_oczekiwanej, wartosc, id_pytania, id_kierunku) VALUES (1,8,1,16);
INSERT INTO wartosc_oczekiwana (id_wartosci_oczekiwanej, wartosc, id_pytania, id_kierunku) VALUES (1,5,2,16);
INSERT INTO wartosc_oczekiwana (id_wartosci_oczekiwanej, wartosc, id_pytania, id_kierunku) VALUES (1,5,3,16);
INSERT INTO wartosc_oczekiwana (id_wartosci_oczekiwanej, wartosc, id_pytania, id_kierunku) VALUES (1,4,4,16);
INSERT INTO wartosc_oczekiwana (id_wartosci_oczekiwanej, wartosc, id_pytania, id_kierunku) VALUES (1,2,5,16);
INSERT INTO wartosc_oczekiwana (id_wartosci_oczekiwanej, wartosc, id_pytania, id_kierunku) VALUES (1,8,6,16);
INSERT INTO wartosc_oczekiwana (id_wartosci_oczekiwanej, wartosc, id_pytania, id_kierunku) VALUES (1,10,7,16);
INSERT INTO wartosc_oczekiwana (id_wartosci_oczekiwanej, wartosc, id_pytania, id_kierunku) VALUES (1,10,8,16);
INSERT INTO wartosc_oczekiwana (id_wartosci_oczekiwanej, wartosc, id_pytania, id_kierunku) VALUES (1,9,9,16);
INSERT INTO wartosc_oczekiwana (id_wartosci_oczekiwanej, wartosc, id_pytania, id_kierunku) VALUES (1,1,10,16);
INSERT INTO wartosc_oczekiwana (id_wartosci_oczekiwanej, wartosc, id_pytania, id_kierunku) VALUES (1,4,11,16);
INSERT INTO wartosc_oczekiwana (id_wartosci_oczekiwanej, wartosc, id_pytania, id_kierunku) VALUES (1,10,12,16);
INSERT INTO wartosc_oczekiwana (id_wartosci_oczekiwanej, wartosc, id_pytania, id_kierunku) VALUES (1,2,13,16);
INSERT INTO wartosc_oczekiwana (id_wartosci_oczekiwanej, wartosc, id_pytania, id_kierunku) VALUES (1,8,14,16);
INSERT INTO wartosc_oczekiwana (id_wartosci_oczekiwanej, wartosc, id_pytania, id_kierunku) VALUES (1,10,15,16);
INSERT INTO wartosc_oczekiwana (id_wartosci_oczekiwanej, wartosc, id_pytania, id_kierunku) VALUES (1,5,16,16);
INSERT INTO wartosc_oczekiwana (id_wartosci_oczekiwanej, wartosc, id_pytania, id_kierunku) VALUES (1,10,17,16);
INSERT INTO wartosc_oczekiwana (id_wartosci_oczekiwanej, wartosc, id_pytania, id_kierunku) VALUES (1,10,18,16);
INSERT INTO wartosc_oczekiwana (id_wartosci_oczekiwanej, wartosc, id_pytania, id_kierunku) VALUES (1,10,19,16);
INSERT INTO wartosc_oczekiwana (id_wartosci_oczekiwanej, wartosc, id_pytania, id_kierunku) VALUES (1,4,20,16);
INSERT INTO wartosc_oczekiwana (id_wartosci_oczekiwanej, wartosc, id_pytania, id_kierunku) VALUES (1,6,21,16);
INSERT INTO wartosc_oczekiwana (id_wartosci_oczekiwanej, wartosc, id_pytania, id_kierunku) VALUES (1,7,22,16);
INSERT INTO wartosc_oczekiwana (id_wartosci_oczekiwanej, wartosc, id_pytania, id_kierunku) VALUES (1,5,23,16);
INSERT INTO wartosc_oczekiwana (id_wartosci_oczekiwanej, wartosc, id_pytania, id_kierunku) VALUES (1,3,24,16);
INSERT INTO wartosc_oczekiwana (id_wartosci_oczekiwanej, wartosc, id_pytania, id_kierunku) VALUES (1,2,25,16);
INSERT INTO wartosc_oczekiwana (id_wartosci_oczekiwanej, wartosc, id_pytania, id_kierunku) VALUES (1,5,26,16);
INSERT INTO wartosc_oczekiwana (id_wartosci_oczekiwanej, wartosc, id_pytania, id_kierunku) VALUES (1,7,27,16);
INSERT INTO wartosc_oczekiwana (id_wartosci_oczekiwanej, wartosc, id_pytania, id_kierunku) VALUES (1,8,28,16);
INSERT INTO wartosc_oczekiwana (id_wartosci_oczekiwanej, wartosc, id_pytania, id_kierunku) VALUES (1,6,29,16);
INSERT INTO wartosc_oczekiwana (id_wartosci_oczekiwanej, wartosc, id_pytania, id_kierunku) VALUES (1,2,30,16);
INSERT INTO wartosc_oczekiwana (id_wartosci_oczekiwanej, wartosc, id_pytania, id_kierunku) VALUES (1,3,31,16);
INSERT INTO wartosc_oczekiwana (id_wartosci_oczekiwanej, wartosc, id_pytania, id_kierunku) VALUES (1,4,32,16);
INSERT INTO wartosc_oczekiwana (id_wartosci_oczekiwanej, wartosc, id_pytania, id_kierunku) VALUES (1,1,33,16);
INSERT INTO wartosc_oczekiwana (id_wartosci_oczekiwanej, wartosc, id_pytania, id_kierunku) VALUES (1,3,34,16);
INSERT INTO wartosc_oczekiwana (id_wartosci_oczekiwanej, wartosc, id_pytania, id_kierunku) VALUES (1,5,35,16);
INSERT INTO wartosc_oczekiwana (id_wartosci_oczekiwanej, wartosc, id_pytania, id_kierunku) VALUES (1,5,36,16);
INSERT INTO wartosc_oczekiwana (id_wartosci_oczekiwanej, wartosc, id_pytania, id_kierunku) VALUES (1,4,37,16);
INSERT INTO wartosc_oczekiwana (id_wartosci_oczekiwanej, wartosc, id_pytania, id_kierunku) VALUES (1,6,38,16);
INSERT INTO wartosc_oczekiwana (id_wartosci_oczekiwanej, wartosc, id_pytania, id_kierunku) VALUES (1,2,39,16);
INSERT INTO wartosc_oczekiwana (id_wartosci_oczekiwanej, wartosc, id_pytania, id_kierunku) VALUES (1,0,40,16);
INSERT INTO wartosc_oczekiwana (id_wartosci_oczekiwanej, wartosc, id_pytania, id_kierunku) VALUES (1,1,41,16);
INSERT INTO wartosc_oczekiwana (id_wartosci_oczekiwanej, wartosc, id_pytania, id_kierunku) VALUES (1,6,1,17);
INSERT INTO wartosc_oczekiwana (id_wartosci_oczekiwanej, wartosc, id_pytania, id_kierunku) VALUES (1,4,2,17);
INSERT INTO wartosc_oczekiwana (id_wartosci_oczekiwanej, wartosc, id_pytania, id_kierunku) VALUES (1,4,3,17);
INSERT INTO wartosc_oczekiwana (id_wartosci_oczekiwanej, wartosc, id_pytania, id_kierunku) VALUES (1,5,4,17);
INSERT INTO wartosc_oczekiwana (id_wartosci_oczekiwanej, wartosc, id_pytania, id_kierunku) VALUES (1,5,5,17);
INSERT INTO wartosc_oczekiwana (id_wartosci_oczekiwanej, wartosc, id_pytania, id_kierunku) VALUES (1,6,6,17);
INSERT INTO wartosc_oczekiwana (id_wartosci_oczekiwanej, wartosc, id_pytania, id_kierunku) VALUES (1,10,7,17);
INSERT INTO wartosc_oczekiwana (id_wartosci_oczekiwanej, wartosc, id_pytania, id_kierunku) VALUES (1,8,8,17);
INSERT INTO wartosc_oczekiwana (id_wartosci_oczekiwanej, wartosc, id_pytania, id_kierunku) VALUES (1,6,9,17);
INSERT INTO wartosc_oczekiwana (id_wartosci_oczekiwanej, wartosc, id_pytania, id_kierunku) VALUES (1,1,10,17);
INSERT INTO wartosc_oczekiwana (id_wartosci_oczekiwanej, wartosc, id_pytania, id_kierunku) VALUES (1,7,11,17);
INSERT INTO wartosc_oczekiwana (id_wartosci_oczekiwanej, wartosc, id_pytania, id_kierunku) VALUES (1,10,12,17);
INSERT INTO wartosc_oczekiwana (id_wartosci_oczekiwanej, wartosc, id_pytania, id_kierunku) VALUES (1,8,13,17);
INSERT INTO wartosc_oczekiwana (id_wartosci_oczekiwanej, wartosc, id_pytania, id_kierunku) VALUES (1,8,14,17);
INSERT INTO wartosc_oczekiwana (id_wartosci_oczekiwanej, wartosc, id_pytania, id_kierunku) VALUES (1,9,15,17);
INSERT INTO wartosc_oczekiwana (id_wartosci_oczekiwanej, wartosc, id_pytania, id_kierunku) VALUES (1,5,16,17);
INSERT INTO wartosc_oczekiwana (id_wartosci_oczekiwanej, wartosc, id_pytania, id_kierunku) VALUES (1,8,17,17);
INSERT INTO wartosc_oczekiwana (id_wartosci_oczekiwanej, wartosc, id_pytania, id_kierunku) VALUES (1,9,18,17);
INSERT INTO wartosc_oczekiwana (id_wartosci_oczekiwanej, wartosc, id_pytania, id_kierunku) VALUES (1,8,19,17);
INSERT INTO wartosc_oczekiwana (id_wartosci_oczekiwanej, wartosc, id_pytania, id_kierunku) VALUES (1,3,20,17);
INSERT INTO wartosc_oczekiwana (id_wartosci_oczekiwanej, wartosc, id_pytania, id_kierunku) VALUES (1,6,21,17);
INSERT INTO wartosc_oczekiwana (id_wartosci_oczekiwanej, wartosc, id_pytania, id_kierunku) VALUES (1,5,22,17);
INSERT INTO wartosc_oczekiwana (id_wartosci_oczekiwanej, wartosc, id_pytania, id_kierunku) VALUES (1,6,23,17);
INSERT INTO wartosc_oczekiwana (id_wartosci_oczekiwanej, wartosc, id_pytania, id_kierunku) VALUES (1,8,24,17);
INSERT INTO wartosc_oczekiwana (id_wartosci_oczekiwanej, wartosc, id_pytania, id_kierunku) VALUES (1,3,25,17);
INSERT INTO wartosc_oczekiwana (id_wartosci_oczekiwanej, wartosc, id_pytania, id_kierunku) VALUES (1,4,26,17);
INSERT INTO wartosc_oczekiwana (id_wartosci_oczekiwanej, wartosc, id_pytania, id_kierunku) VALUES (1,3,27,17);
INSERT INTO wartosc_oczekiwana (id_wartosci_oczekiwanej, wartosc, id_pytania, id_kierunku) VALUES (1,7,28,17);
INSERT INTO wartosc_oczekiwana (id_wartosci_oczekiwanej, wartosc, id_pytania, id_kierunku) VALUES (1,7,29,17);
INSERT INTO wartosc_oczekiwana (id_wartosci_oczekiwanej, wartosc, id_pytania, id_kierunku) VALUES (1,4,30,17);
INSERT INTO wartosc_oczekiwana (id_wartosci_oczekiwanej, wartosc, id_pytania, id_kierunku) VALUES (1,4,31,17);
INSERT INTO wartosc_oczekiwana (id_wartosci_oczekiwanej, wartosc, id_pytania, id_kierunku) VALUES (1,4,32,17);
INSERT INTO wartosc_oczekiwana (id_wartosci_oczekiwanej, wartosc, id_pytania, id_kierunku) VALUES (1,6,33,17);
INSERT INTO wartosc_oczekiwana (id_wartosci_oczekiwanej, wartosc, id_pytania, id_kierunku) VALUES (1,7,34,17);
INSERT INTO wartosc_oczekiwana (id_wartosci_oczekiwanej, wartosc, id_pytania, id_kierunku) VALUES (1,8,35,17);
INSERT INTO wartosc_oczekiwana (id_wartosci_oczekiwanej, wartosc, id_pytania, id_kierunku) VALUES (1,6,36,17);
INSERT INTO wartosc_oczekiwana (id_wartosci_oczekiwanej, wartosc, id_pytania, id_kierunku) VALUES (1,8,37,17);
INSERT INTO wartosc_oczekiwana (id_wartosci_oczekiwanej, wartosc, id_pytania, id_kierunku) VALUES (1,5,38,17);
INSERT INTO wartosc_oczekiwana (id_wartosci_oczekiwanej, wartosc, id_pytania, id_kierunku) VALUES (1,1,39,17);
INSERT INTO wartosc_oczekiwana (id_wartosci_oczekiwanej, wartosc, id_pytania, id_kierunku) VALUES (1,4,40,17);
INSERT INTO wartosc_oczekiwana (id_wartosci_oczekiwanej, wartosc, id_pytania, id_kierunku) VALUES (1,7,41,17);
INSERT INTO wartosc_oczekiwana (id_wartosci_oczekiwanej, wartosc, id_pytania, id_kierunku) VALUES (1,8,1,18);
INSERT INTO wartosc_oczekiwana (id_wartosci_oczekiwanej, wartosc, id_pytania, id_kierunku) VALUES (1,8,2,18);
INSERT INTO wartosc_oczekiwana (id_wartosci_oczekiwanej, wartosc, id_pytania, id_kierunku) VALUES (1,9,3,18);
INSERT INTO wartosc_oczekiwana (id_wartosci_oczekiwanej, wartosc, id_pytania, id_kierunku) VALUES (1,8,4,18);
INSERT INTO wartosc_oczekiwana (id_wartosci_oczekiwanej, wartosc, id_pytania, id_kierunku) VALUES (1,4,5,18);
INSERT INTO wartosc_oczekiwana (id_wartosci_oczekiwanej, wartosc, id_pytania, id_kierunku) VALUES (1,7,6,18);
INSERT INTO wartosc_oczekiwana (id_wartosci_oczekiwanej, wartosc, id_pytania, id_kierunku) VALUES (1,4,7,18);
INSERT INTO wartosc_oczekiwana (id_wartosci_oczekiwanej, wartosc, id_pytania, id_kierunku) VALUES (1,5,8,18);
INSERT INTO wartosc_oczekiwana (id_wartosci_oczekiwanej, wartosc, id_pytania, id_kierunku) VALUES (1,1,9,18);
INSERT INTO wartosc_oczekiwana (id_wartosci_oczekiwanej, wartosc, id_pytania, id_kierunku) VALUES (1,1,10,18);
INSERT INTO wartosc_oczekiwana (id_wartosci_oczekiwanej, wartosc, id_pytania, id_kierunku) VALUES (1,4,11,18);
INSERT INTO wartosc_oczekiwana (id_wartosci_oczekiwanej, wartosc, id_pytania, id_kierunku) VALUES (1,3,12,18);
INSERT INTO wartosc_oczekiwana (id_wartosci_oczekiwanej, wartosc, id_pytania, id_kierunku) VALUES (1,1,13,18);
INSERT INTO wartosc_oczekiwana (id_wartosci_oczekiwanej, wartosc, id_pytania, id_kierunku) VALUES (1,6,14,18);
INSERT INTO wartosc_oczekiwana (id_wartosci_oczekiwanej, wartosc, id_pytania, id_kierunku) VALUES (1,4,15,18);
INSERT INTO wartosc_oczekiwana (id_wartosci_oczekiwanej, wartosc, id_pytania, id_kierunku) VALUES (1,10,16,18);
INSERT INTO wartosc_oczekiwana (id_wartosci_oczekiwanej, wartosc, id_pytania, id_kierunku) VALUES (1,6,17,18);
INSERT INTO wartosc_oczekiwana (id_wartosci_oczekiwanej, wartosc, id_pytania, id_kierunku) VALUES (1,3,18,18);
INSERT INTO wartosc_oczekiwana (id_wartosci_oczekiwanej, wartosc, id_pytania, id_kierunku) VALUES (1,6,19,18);
INSERT INTO wartosc_oczekiwana (id_wartosci_oczekiwanej, wartosc, id_pytania, id_kierunku) VALUES (1,3,20,18);
INSERT INTO wartosc_oczekiwana (id_wartosci_oczekiwanej, wartosc, id_pytania, id_kierunku) VALUES (1,4,21,18);
INSERT INTO wartosc_oczekiwana (id_wartosci_oczekiwanej, wartosc, id_pytania, id_kierunku) VALUES (1,5,22,18);
INSERT INTO wartosc_oczekiwana (id_wartosci_oczekiwanej, wartosc, id_pytania, id_kierunku) VALUES (1,6,23,18);
INSERT INTO wartosc_oczekiwana (id_wartosci_oczekiwanej, wartosc, id_pytania, id_kierunku) VALUES (1,4,24,18);
INSERT INTO wartosc_oczekiwana (id_wartosci_oczekiwanej, wartosc, id_pytania, id_kierunku) VALUES (1,7,25,18);
INSERT INTO wartosc_oczekiwana (id_wartosci_oczekiwanej, wartosc, id_pytania, id_kierunku) VALUES (1,4,26,18);
INSERT INTO wartosc_oczekiwana (id_wartosci_oczekiwanej, wartosc, id_pytania, id_kierunku) VALUES (1,1,27,18);
INSERT INTO wartosc_oczekiwana (id_wartosci_oczekiwanej, wartosc, id_pytania, id_kierunku) VALUES (1,2,28,18);
INSERT INTO wartosc_oczekiwana (id_wartosci_oczekiwanej, wartosc, id_pytania, id_kierunku) VALUES (1,9,29,18);
INSERT INTO wartosc_oczekiwana (id_wartosci_oczekiwanej, wartosc, id_pytania, id_kierunku) VALUES (1,1,30,18);
INSERT INTO wartosc_oczekiwana (id_wartosci_oczekiwanej, wartosc, id_pytania, id_kierunku) VALUES (1,10,31,18);
INSERT INTO wartosc_oczekiwana (id_wartosci_oczekiwanej, wartosc, id_pytania, id_kierunku) VALUES (1,8,32,18);
INSERT INTO wartosc_oczekiwana (id_wartosci_oczekiwanej, wartosc, id_pytania, id_kierunku) VALUES (1,8,33,18);
INSERT INTO wartosc_oczekiwana (id_wartosci_oczekiwanej, wartosc, id_pytania, id_kierunku) VALUES (1,3,34,18);
INSERT INTO wartosc_oczekiwana (id_wartosci_oczekiwanej, wartosc, id_pytania, id_kierunku) VALUES (1,3,35,18);
INSERT INTO wartosc_oczekiwana (id_wartosci_oczekiwanej, wartosc, id_pytania, id_kierunku) VALUES (1,4,36,18);
INSERT INTO wartosc_oczekiwana (id_wartosci_oczekiwanej, wartosc, id_pytania, id_kierunku) VALUES (1,3,37,18);
INSERT INTO wartosc_oczekiwana (id_wartosci_oczekiwanej, wartosc, id_pytania, id_kierunku) VALUES (1,4,38,18);
INSERT INTO wartosc_oczekiwana (id_wartosci_oczekiwanej, wartosc, id_pytania, id_kierunku) VALUES (1,1,39,18);
INSERT INTO wartosc_oczekiwana (id_wartosci_oczekiwanej, wartosc, id_pytania, id_kierunku) VALUES (1,1,40,18);
INSERT INTO wartosc_oczekiwana (id_wartosci_oczekiwanej, wartosc, id_pytania, id_kierunku) VALUES (1,3,41,18);
INSERT INTO wartosc_oczekiwana (id_wartosci_oczekiwanej, wartosc, id_pytania, id_kierunku) VALUES (1,4,1,19);
INSERT INTO wartosc_oczekiwana (id_wartosci_oczekiwanej, wartosc, id_pytania, id_kierunku) VALUES (1,4,2,19);
INSERT INTO wartosc_oczekiwana (id_wartosci_oczekiwanej, wartosc, id_pytania, id_kierunku) VALUES (1,6,3,19);
INSERT INTO wartosc_oczekiwana (id_wartosci_oczekiwanej, wartosc, id_pytania, id_kierunku) VALUES (1,4,4,19);
INSERT INTO wartosc_oczekiwana (id_wartosci_oczekiwanej, wartosc, id_pytania, id_kierunku) VALUES (1,1,5,19);
INSERT INTO wartosc_oczekiwana (id_wartosci_oczekiwanej, wartosc, id_pytania, id_kierunku) VALUES (1,7,6,19);
INSERT INTO wartosc_oczekiwana (id_wartosci_oczekiwanej, wartosc, id_pytania, id_kierunku) VALUES (1,4,7,19);
INSERT INTO wartosc_oczekiwana (id_wartosci_oczekiwanej, wartosc, id_pytania, id_kierunku) VALUES (1,7,8,19);
INSERT INTO wartosc_oczekiwana (id_wartosci_oczekiwanej, wartosc, id_pytania, id_kierunku) VALUES (1,6,9,19);
INSERT INTO wartosc_oczekiwana (id_wartosci_oczekiwanej, wartosc, id_pytania, id_kierunku) VALUES (1,1,10,19);
INSERT INTO wartosc_oczekiwana (id_wartosci_oczekiwanej, wartosc, id_pytania, id_kierunku) VALUES (1,4,11,19);
INSERT INTO wartosc_oczekiwana (id_wartosci_oczekiwanej, wartosc, id_pytania, id_kierunku) VALUES (1,6,12,19);
INSERT INTO wartosc_oczekiwana (id_wartosci_oczekiwanej, wartosc, id_pytania, id_kierunku) VALUES (1,4,13,19);
INSERT INTO wartosc_oczekiwana (id_wartosci_oczekiwanej, wartosc, id_pytania, id_kierunku) VALUES (1,8,14,19);
INSERT INTO wartosc_oczekiwana (id_wartosci_oczekiwanej, wartosc, id_pytania, id_kierunku) VALUES (1,9,15,19);
INSERT INTO wartosc_oczekiwana (id_wartosci_oczekiwanej, wartosc, id_pytania, id_kierunku) VALUES (1,10,16,19);
INSERT INTO wartosc_oczekiwana (id_wartosci_oczekiwanej, wartosc, id_pytania, id_kierunku) VALUES (1,7,17,19);
INSERT INTO wartosc_oczekiwana (id_wartosci_oczekiwanej, wartosc, id_pytania, id_kierunku) VALUES (1,4,18,19);
INSERT INTO wartosc_oczekiwana (id_wartosci_oczekiwanej, wartosc, id_pytania, id_kierunku) VALUES (1,7,19,19);
INSERT INTO wartosc_oczekiwana (id_wartosci_oczekiwanej, wartosc, id_pytania, id_kierunku) VALUES (1,6,20,19);
INSERT INTO wartosc_oczekiwana (id_wartosci_oczekiwanej, wartosc, id_pytania, id_kierunku) VALUES (1,6,21,19);
INSERT INTO wartosc_oczekiwana (id_wartosci_oczekiwanej, wartosc, id_pytania, id_kierunku) VALUES (1,6,22,19);
INSERT INTO wartosc_oczekiwana (id_wartosci_oczekiwanej, wartosc, id_pytania, id_kierunku) VALUES (1,8,23,19);
INSERT INTO wartosc_oczekiwana (id_wartosci_oczekiwanej, wartosc, id_pytania, id_kierunku) VALUES (1,4,24,19);
INSERT INTO wartosc_oczekiwana (id_wartosci_oczekiwanej, wartosc, id_pytania, id_kierunku) VALUES (1,2,25,19);
INSERT INTO wartosc_oczekiwana (id_wartosci_oczekiwanej, wartosc, id_pytania, id_kierunku) VALUES (1,7,26,19);
INSERT INTO wartosc_oczekiwana (id_wartosci_oczekiwanej, wartosc, id_pytania, id_kierunku) VALUES (1,6,27,19);
INSERT INTO wartosc_oczekiwana (id_wartosci_oczekiwanej, wartosc, id_pytania, id_kierunku) VALUES (1,7,28,19);
INSERT INTO wartosc_oczekiwana (id_wartosci_oczekiwanej, wartosc, id_pytania, id_kierunku) VALUES (1,8,29,19);
INSERT INTO wartosc_oczekiwana (id_wartosci_oczekiwanej, wartosc, id_pytania, id_kierunku) VALUES (1,1,30,19);
INSERT INTO wartosc_oczekiwana (id_wartosci_oczekiwanej, wartosc, id_pytania, id_kierunku) VALUES (1,8,31,19);
INSERT INTO wartosc_oczekiwana (id_wartosci_oczekiwanej, wartosc, id_pytania, id_kierunku) VALUES (1,9,32,19);
INSERT INTO wartosc_oczekiwana (id_wartosci_oczekiwanej, wartosc, id_pytania, id_kierunku) VALUES (1,2,33,19);
INSERT INTO wartosc_oczekiwana (id_wartosci_oczekiwanej, wartosc, id_pytania, id_kierunku) VALUES (1,4,34,19);
INSERT INTO wartosc_oczekiwana (id_wartosci_oczekiwanej, wartosc, id_pytania, id_kierunku) VALUES (1,6,35,19);
INSERT INTO wartosc_oczekiwana (id_wartosci_oczekiwanej, wartosc, id_pytania, id_kierunku) VALUES (1,6,36,19);
INSERT INTO wartosc_oczekiwana (id_wartosci_oczekiwanej, wartosc, id_pytania, id_kierunku) VALUES (1,6,37,19);
INSERT INTO wartosc_oczekiwana (id_wartosci_oczekiwanej, wartosc, id_pytania, id_kierunku) VALUES (1,4,38,19);
INSERT INTO wartosc_oczekiwana (id_wartosci_oczekiwanej, wartosc, id_pytania, id_kierunku) VALUES (1,7,39,19);
INSERT INTO wartosc_oczekiwana (id_wartosci_oczekiwanej, wartosc, id_pytania, id_kierunku) VALUES (1,2,40,19);
INSERT INTO wartosc_oczekiwana (id_wartosci_oczekiwanej, wartosc, id_pytania, id_kierunku) VALUES (1,4,41,19);
INSERT INTO wartosc_oczekiwana (id_wartosci_oczekiwanej, wartosc, id_pytania, id_kierunku) VALUES (1,4,1,20);
INSERT INTO wartosc_oczekiwana (id_wartosci_oczekiwanej, wartosc, id_pytania, id_kierunku) VALUES (1,4,2,20);
INSERT INTO wartosc_oczekiwana (id_wartosci_oczekiwanej, wartosc, id_pytania, id_kierunku) VALUES (1,3,3,20);
INSERT INTO wartosc_oczekiwana (id_wartosci_oczekiwanej, wartosc, id_pytania, id_kierunku) VALUES (1,4,4,20);
INSERT INTO wartosc_oczekiwana (id_wartosci_oczekiwanej, wartosc, id_pytania, id_kierunku) VALUES (1,1,5,20);
INSERT INTO wartosc_oczekiwana (id_wartosci_oczekiwanej, wartosc, id_pytania, id_kierunku) VALUES (1,7,6,20);
INSERT INTO wartosc_oczekiwana (id_wartosci_oczekiwanej, wartosc, id_pytania, id_kierunku) VALUES (1,4,7,20);
INSERT INTO wartosc_oczekiwana (id_wartosci_oczekiwanej, wartosc, id_pytania, id_kierunku) VALUES (1,8,8,20);
INSERT INTO wartosc_oczekiwana (id_wartosci_oczekiwanej, wartosc, id_pytania, id_kierunku) VALUES (1,8,9,20);
INSERT INTO wartosc_oczekiwana (id_wartosci_oczekiwanej, wartosc, id_pytania, id_kierunku) VALUES (1,1,10,20);
INSERT INTO wartosc_oczekiwana (id_wartosci_oczekiwanej, wartosc, id_pytania, id_kierunku) VALUES (1,6,11,20);
INSERT INTO wartosc_oczekiwana (id_wartosci_oczekiwanej, wartosc, id_pytania, id_kierunku) VALUES (1,7,12,20);
INSERT INTO wartosc_oczekiwana (id_wartosci_oczekiwanej, wartosc, id_pytania, id_kierunku) VALUES (1,4,13,20);
INSERT INTO wartosc_oczekiwana (id_wartosci_oczekiwanej, wartosc, id_pytania, id_kierunku) VALUES (1,8,14,20);
INSERT INTO wartosc_oczekiwana (id_wartosci_oczekiwanej, wartosc, id_pytania, id_kierunku) VALUES (1,6,15,20);
INSERT INTO wartosc_oczekiwana (id_wartosci_oczekiwanej, wartosc, id_pytania, id_kierunku) VALUES (1,9,16,20);
INSERT INTO wartosc_oczekiwana (id_wartosci_oczekiwanej, wartosc, id_pytania, id_kierunku) VALUES (1,9,17,20);
INSERT INTO wartosc_oczekiwana (id_wartosci_oczekiwanej, wartosc, id_pytania, id_kierunku) VALUES (1,4,18,20);
INSERT INTO wartosc_oczekiwana (id_wartosci_oczekiwanej, wartosc, id_pytania, id_kierunku) VALUES (1,8,19,20);
INSERT INTO wartosc_oczekiwana (id_wartosci_oczekiwanej, wartosc, id_pytania, id_kierunku) VALUES (1,5,20,20);
INSERT INTO wartosc_oczekiwana (id_wartosci_oczekiwanej, wartosc, id_pytania, id_kierunku) VALUES (1,6,21,20);
INSERT INTO wartosc_oczekiwana (id_wartosci_oczekiwanej, wartosc, id_pytania, id_kierunku) VALUES (1,8,22,20);
INSERT INTO wartosc_oczekiwana (id_wartosci_oczekiwanej, wartosc, id_pytania, id_kierunku) VALUES (1,7,23,20);
INSERT INTO wartosc_oczekiwana (id_wartosci_oczekiwanej, wartosc, id_pytania, id_kierunku) VALUES (1,6,24,20);
INSERT INTO wartosc_oczekiwana (id_wartosci_oczekiwanej, wartosc, id_pytania, id_kierunku) VALUES (1,2,25,20);
INSERT INTO wartosc_oczekiwana (id_wartosci_oczekiwanej, wartosc, id_pytania, id_kierunku) VALUES (1,7,26,20);
INSERT INTO wartosc_oczekiwana (id_wartosci_oczekiwanej, wartosc, id_pytania, id_kierunku) VALUES (1,8,27,20);
INSERT INTO wartosc_oczekiwana (id_wartosci_oczekiwanej, wartosc, id_pytania, id_kierunku) VALUES (1,8,28,20);
INSERT INTO wartosc_oczekiwana (id_wartosci_oczekiwanej, wartosc, id_pytania, id_kierunku) VALUES (1,6,29,20);
INSERT INTO wartosc_oczekiwana (id_wartosci_oczekiwanej, wartosc, id_pytania, id_kierunku) VALUES (1,1,30,20);
INSERT INTO wartosc_oczekiwana (id_wartosci_oczekiwanej, wartosc, id_pytania, id_kierunku) VALUES (1,4,31,20);
INSERT INTO wartosc_oczekiwana (id_wartosci_oczekiwanej, wartosc, id_pytania, id_kierunku) VALUES (1,6,32,20);
INSERT INTO wartosc_oczekiwana (id_wartosci_oczekiwanej, wartosc, id_pytania, id_kierunku) VALUES (1,1,33,20);
INSERT INTO wartosc_oczekiwana (id_wartosci_oczekiwanej, wartosc, id_pytania, id_kierunku) VALUES (1,7,34,20);
INSERT INTO wartosc_oczekiwana (id_wartosci_oczekiwanej, wartosc, id_pytania, id_kierunku) VALUES (1,7,35,20);
INSERT INTO wartosc_oczekiwana (id_wartosci_oczekiwanej, wartosc, id_pytania, id_kierunku) VALUES (1,8,36,20);
INSERT INTO wartosc_oczekiwana (id_wartosci_oczekiwanej, wartosc, id_pytania, id_kierunku) VALUES (1,8,37,20);
INSERT INTO wartosc_oczekiwana (id_wartosci_oczekiwanej, wartosc, id_pytania, id_kierunku) VALUES (1,7,38,20);
INSERT INTO wartosc_oczekiwana (id_wartosci_oczekiwanej, wartosc, id_pytania, id_kierunku) VALUES (1,4,39,20);
INSERT INTO wartosc_oczekiwana (id_wartosci_oczekiwanej, wartosc, id_pytania, id_kierunku) VALUES (1,2,40,20);
INSERT INTO wartosc_oczekiwana (id_wartosci_oczekiwanej, wartosc, id_pytania, id_kierunku) VALUES (1,6,41,20);
INSERT INTO wartosc_oczekiwana (id_wartosci_oczekiwanej, wartosc, id_pytania, id_kierunku) VALUES (1,6,1,21);
INSERT INTO wartosc_oczekiwana (id_wartosci_oczekiwanej, wartosc, id_pytania, id_kierunku) VALUES (1,6,2,21);
INSERT INTO wartosc_oczekiwana (id_wartosci_oczekiwanej, wartosc, id_pytania, id_kierunku) VALUES (1,5,3,21);
INSERT INTO wartosc_oczekiwana (id_wartosci_oczekiwanej, wartosc, id_pytania, id_kierunku) VALUES (1,6,4,21);
INSERT INTO wartosc_oczekiwana (id_wartosci_oczekiwanej, wartosc, id_pytania, id_kierunku) VALUES (1,2,5,21);
INSERT INTO wartosc_oczekiwana (id_wartosci_oczekiwanej, wartosc, id_pytania, id_kierunku) VALUES (1,7,6,21);
INSERT INTO wartosc_oczekiwana (id_wartosci_oczekiwanej, wartosc, id_pytania, id_kierunku) VALUES (1,7,7,21);
INSERT INTO wartosc_oczekiwana (id_wartosci_oczekiwanej, wartosc, id_pytania, id_kierunku) VALUES (1,8,8,21);
INSERT INTO wartosc_oczekiwana (id_wartosci_oczekiwanej, wartosc, id_pytania, id_kierunku) VALUES (1,7,9,21);
INSERT INTO wartosc_oczekiwana (id_wartosci_oczekiwanej, wartosc, id_pytania, id_kierunku) VALUES (1,1,10,21);
INSERT INTO wartosc_oczekiwana (id_wartosci_oczekiwanej, wartosc, id_pytania, id_kierunku) VALUES (1,6,11,21);
INSERT INTO wartosc_oczekiwana (id_wartosci_oczekiwanej, wartosc, id_pytania, id_kierunku) VALUES (1,2,12,21);
INSERT INTO wartosc_oczekiwana (id_wartosci_oczekiwanej, wartosc, id_pytania, id_kierunku) VALUES (1,3,13,21);
INSERT INTO wartosc_oczekiwana (id_wartosci_oczekiwanej, wartosc, id_pytania, id_kierunku) VALUES (1,8,14,21);
INSERT INTO wartosc_oczekiwana (id_wartosci_oczekiwanej, wartosc, id_pytania, id_kierunku) VALUES (1,8,15,21);
INSERT INTO wartosc_oczekiwana (id_wartosci_oczekiwanej, wartosc, id_pytania, id_kierunku) VALUES (1,7,16,21);
INSERT INTO wartosc_oczekiwana (id_wartosci_oczekiwanej, wartosc, id_pytania, id_kierunku) VALUES (1,7,17,21);
INSERT INTO wartosc_oczekiwana (id_wartosci_oczekiwanej, wartosc, id_pytania, id_kierunku) VALUES (1,6,18,21);
INSERT INTO wartosc_oczekiwana (id_wartosci_oczekiwanej, wartosc, id_pytania, id_kierunku) VALUES (1,7,19,21);
INSERT INTO wartosc_oczekiwana (id_wartosci_oczekiwanej, wartosc, id_pytania, id_kierunku) VALUES (1,6,20,21);
INSERT INTO wartosc_oczekiwana (id_wartosci_oczekiwanej, wartosc, id_pytania, id_kierunku) VALUES (1,7,21,21);
INSERT INTO wartosc_oczekiwana (id_wartosci_oczekiwanej, wartosc, id_pytania, id_kierunku) VALUES (1,6,22,21);
INSERT INTO wartosc_oczekiwana (id_wartosci_oczekiwanej, wartosc, id_pytania, id_kierunku) VALUES (1,6,23,21);
INSERT INTO wartosc_oczekiwana (id_wartosci_oczekiwanej, wartosc, id_pytania, id_kierunku) VALUES (1,7,24,21);
INSERT INTO wartosc_oczekiwana (id_wartosci_oczekiwanej, wartosc, id_pytania, id_kierunku) VALUES (1,5,25,21);
INSERT INTO wartosc_oczekiwana (id_wartosci_oczekiwanej, wartosc, id_pytania, id_kierunku) VALUES (1,7,26,21);
INSERT INTO wartosc_oczekiwana (id_wartosci_oczekiwanej, wartosc, id_pytania, id_kierunku) VALUES (1,7,27,21);
INSERT INTO wartosc_oczekiwana (id_wartosci_oczekiwanej, wartosc, id_pytania, id_kierunku) VALUES (1,6,28,21);
INSERT INTO wartosc_oczekiwana (id_wartosci_oczekiwanej, wartosc, id_pytania, id_kierunku) VALUES (1,8,29,21);
INSERT INTO wartosc_oczekiwana (id_wartosci_oczekiwanej, wartosc, id_pytania, id_kierunku) VALUES (1,4,30,21);
INSERT INTO wartosc_oczekiwana (id_wartosci_oczekiwanej, wartosc, id_pytania, id_kierunku) VALUES (1,7,31,21);
INSERT INTO wartosc_oczekiwana (id_wartosci_oczekiwanej, wartosc, id_pytania, id_kierunku) VALUES (1,6,32,21);
INSERT INTO wartosc_oczekiwana (id_wartosci_oczekiwanej, wartosc, id_pytania, id_kierunku) VALUES (1,5,33,21);
INSERT INTO wartosc_oczekiwana (id_wartosci_oczekiwanej, wartosc, id_pytania, id_kierunku) VALUES (1,7,34,21);
INSERT INTO wartosc_oczekiwana (id_wartosci_oczekiwanej, wartosc, id_pytania, id_kierunku) VALUES (1,6,35,21);
INSERT INTO wartosc_oczekiwana (id_wartosci_oczekiwanej, wartosc, id_pytania, id_kierunku) VALUES (1,6,36,21);
INSERT INTO wartosc_oczekiwana (id_wartosci_oczekiwanej, wartosc, id_pytania, id_kierunku) VALUES (1,6,37,21);
INSERT INTO wartosc_oczekiwana (id_wartosci_oczekiwanej, wartosc, id_pytania, id_kierunku) VALUES (1,7,38,21);
INSERT INTO wartosc_oczekiwana (id_wartosci_oczekiwanej, wartosc, id_pytania, id_kierunku) VALUES (1,8,39,21);
INSERT INTO wartosc_oczekiwana (id_wartosci_oczekiwanej, wartosc, id_pytania, id_kierunku) VALUES (1,2,40,21);
INSERT INTO wartosc_oczekiwana (id_wartosci_oczekiwanej, wartosc, id_pytania, id_kierunku) VALUES (1,7,41,21);
INSERT INTO wartosc_oczekiwana (id_wartosci_oczekiwanej, wartosc, id_pytania, id_kierunku) VALUES (1,4,1,22);
INSERT INTO wartosc_oczekiwana (id_wartosci_oczekiwanej, wartosc, id_pytania, id_kierunku) VALUES (1,7,2,22);
INSERT INTO wartosc_oczekiwana (id_wartosci_oczekiwanej, wartosc, id_pytania, id_kierunku) VALUES (1,3,3,22);
INSERT INTO wartosc_oczekiwana (id_wartosci_oczekiwanej, wartosc, id_pytania, id_kierunku) VALUES (1,4,4,22);
INSERT INTO wartosc_oczekiwana (id_wartosci_oczekiwanej, wartosc, id_pytania, id_kierunku) VALUES (1,2,5,22);
INSERT INTO wartosc_oczekiwana (id_wartosci_oczekiwanej, wartosc, id_pytania, id_kierunku) VALUES (1,8,6,22);
INSERT INTO wartosc_oczekiwana (id_wartosci_oczekiwanej, wartosc, id_pytania, id_kierunku) VALUES (1,9,7,22);
INSERT INTO wartosc_oczekiwana (id_wartosci_oczekiwanej, wartosc, id_pytania, id_kierunku) VALUES (1,9,8,22);
INSERT INTO wartosc_oczekiwana (id_wartosci_oczekiwanej, wartosc, id_pytania, id_kierunku) VALUES (1,9,9,22);
INSERT INTO wartosc_oczekiwana (id_wartosci_oczekiwanej, wartosc, id_pytania, id_kierunku) VALUES (1,1,10,22);
INSERT INTO wartosc_oczekiwana (id_wartosci_oczekiwanej, wartosc, id_pytania, id_kierunku) VALUES (1,8,11,22);
INSERT INTO wartosc_oczekiwana (id_wartosci_oczekiwanej, wartosc, id_pytania, id_kierunku) VALUES (1,1,12,22);
INSERT INTO wartosc_oczekiwana (id_wartosci_oczekiwanej, wartosc, id_pytania, id_kierunku) VALUES (1,1,13,22);
INSERT INTO wartosc_oczekiwana (id_wartosci_oczekiwanej, wartosc, id_pytania, id_kierunku) VALUES (1,6,14,22);
INSERT INTO wartosc_oczekiwana (id_wartosci_oczekiwanej, wartosc, id_pytania, id_kierunku) VALUES (1,5,15,22);
INSERT INTO wartosc_oczekiwana (id_wartosci_oczekiwanej, wartosc, id_pytania, id_kierunku) VALUES (1,7,16,22);
INSERT INTO wartosc_oczekiwana (id_wartosci_oczekiwanej, wartosc, id_pytania, id_kierunku) VALUES (1,9,17,22);
INSERT INTO wartosc_oczekiwana (id_wartosci_oczekiwanej, wartosc, id_pytania, id_kierunku) VALUES (1,5,18,22);
INSERT INTO wartosc_oczekiwana (id_wartosci_oczekiwanej, wartosc, id_pytania, id_kierunku) VALUES (1,9,19,22);
INSERT INTO wartosc_oczekiwana (id_wartosci_oczekiwanej, wartosc, id_pytania, id_kierunku) VALUES (1,8,20,22);
INSERT INTO wartosc_oczekiwana (id_wartosci_oczekiwanej, wartosc, id_pytania, id_kierunku) VALUES (1,9,21,22);
INSERT INTO wartosc_oczekiwana (id_wartosci_oczekiwanej, wartosc, id_pytania, id_kierunku) VALUES (1,8,22,22);
INSERT INTO wartosc_oczekiwana (id_wartosci_oczekiwanej, wartosc, id_pytania, id_kierunku) VALUES (1,8,23,22);
INSERT INTO wartosc_oczekiwana (id_wartosci_oczekiwanej, wartosc, id_pytania, id_kierunku) VALUES (1,8,24,22);
INSERT INTO wartosc_oczekiwana (id_wartosci_oczekiwanej, wartosc, id_pytania, id_kierunku) VALUES (1,1,25,22);
INSERT INTO wartosc_oczekiwana (id_wartosci_oczekiwanej, wartosc, id_pytania, id_kierunku) VALUES (1,7,26,22);
INSERT INTO wartosc_oczekiwana (id_wartosci_oczekiwanej, wartosc, id_pytania, id_kierunku) VALUES (1,6,27,22);
INSERT INTO wartosc_oczekiwana (id_wartosci_oczekiwanej, wartosc, id_pytania, id_kierunku) VALUES (1,8,28,22);
INSERT INTO wartosc_oczekiwana (id_wartosci_oczekiwanej, wartosc, id_pytania, id_kierunku) VALUES (1,6,29,22);
INSERT INTO wartosc_oczekiwana (id_wartosci_oczekiwanej, wartosc, id_pytania, id_kierunku) VALUES (1,8,30,22);
INSERT INTO wartosc_oczekiwana (id_wartosci_oczekiwanej, wartosc, id_pytania, id_kierunku) VALUES (1,3,31,22);
INSERT INTO wartosc_oczekiwana (id_wartosci_oczekiwanej, wartosc, id_pytania, id_kierunku) VALUES (1,4,32,22);
INSERT INTO wartosc_oczekiwana (id_wartosci_oczekiwanej, wartosc, id_pytania, id_kierunku) VALUES (1,4,33,22);
INSERT INTO wartosc_oczekiwana (id_wartosci_oczekiwanej, wartosc, id_pytania, id_kierunku) VALUES (1,9,34,22);
INSERT INTO wartosc_oczekiwana (id_wartosci_oczekiwanej, wartosc, id_pytania, id_kierunku) VALUES (1,10,35,22);
INSERT INTO wartosc_oczekiwana (id_wartosci_oczekiwanej, wartosc, id_pytania, id_kierunku) VALUES (1,9,36,22);
INSERT INTO wartosc_oczekiwana (id_wartosci_oczekiwanej, wartosc, id_pytania, id_kierunku) VALUES (1,9,37,22);
INSERT INTO wartosc_oczekiwana (id_wartosci_oczekiwanej, wartosc, id_pytania, id_kierunku) VALUES (1,7,38,22);
INSERT INTO wartosc_oczekiwana (id_wartosci_oczekiwanej, wartosc, id_pytania, id_kierunku) VALUES (1,8,39,22);
INSERT INTO wartosc_oczekiwana (id_wartosci_oczekiwanej, wartosc, id_pytania, id_kierunku) VALUES (1,1,40,22);
INSERT INTO wartosc_oczekiwana (id_wartosci_oczekiwanej, wartosc, id_pytania, id_kierunku) VALUES (1,8,41,22);
INSERT INTO wartosc_oczekiwana (id_wartosci_oczekiwanej, wartosc, id_pytania, id_kierunku) VALUES (1,5,1,23);
INSERT INTO wartosc_oczekiwana (id_wartosci_oczekiwanej, wartosc, id_pytania, id_kierunku) VALUES (1,3,2,23);
INSERT INTO wartosc_oczekiwana (id_wartosci_oczekiwanej, wartosc, id_pytania, id_kierunku) VALUES (1,3,3,23);
INSERT INTO wartosc_oczekiwana (id_wartosci_oczekiwanej, wartosc, id_pytania, id_kierunku) VALUES (1,3,4,23);
INSERT INTO wartosc_oczekiwana (id_wartosci_oczekiwanej, wartosc, id_pytania, id_kierunku) VALUES (1,2,5,23);
INSERT INTO wartosc_oczekiwana (id_wartosci_oczekiwanej, wartosc, id_pytania, id_kierunku) VALUES (1,9,6,23);
INSERT INTO wartosc_oczekiwana (id_wartosci_oczekiwanej, wartosc, id_pytania, id_kierunku) VALUES (1,7,7,23);
INSERT INTO wartosc_oczekiwana (id_wartosci_oczekiwanej, wartosc, id_pytania, id_kierunku) VALUES (1,10,8,23);
INSERT INTO wartosc_oczekiwana (id_wartosci_oczekiwanej, wartosc, id_pytania, id_kierunku) VALUES (1,9,9,23);
INSERT INTO wartosc_oczekiwana (id_wartosci_oczekiwanej, wartosc, id_pytania, id_kierunku) VALUES (1,2,10,23);
INSERT INTO wartosc_oczekiwana (id_wartosci_oczekiwanej, wartosc, id_pytania, id_kierunku) VALUES (1,5,11,23);
INSERT INTO wartosc_oczekiwana (id_wartosci_oczekiwanej, wartosc, id_pytania, id_kierunku) VALUES (1,5,12,23);
INSERT INTO wartosc_oczekiwana (id_wartosci_oczekiwanej, wartosc, id_pytania, id_kierunku) VALUES (1,4,13,23);
INSERT INTO wartosc_oczekiwana (id_wartosci_oczekiwanej, wartosc, id_pytania, id_kierunku) VALUES (1,8,14,23);
INSERT INTO wartosc_oczekiwana (id_wartosci_oczekiwanej, wartosc, id_pytania, id_kierunku) VALUES (1,9,15,23);
INSERT INTO wartosc_oczekiwana (id_wartosci_oczekiwanej, wartosc, id_pytania, id_kierunku) VALUES (1,6,16,23);
INSERT INTO wartosc_oczekiwana (id_wartosci_oczekiwanej, wartosc, id_pytania, id_kierunku) VALUES (1,8,17,23);
INSERT INTO wartosc_oczekiwana (id_wartosci_oczekiwanej, wartosc, id_pytania, id_kierunku) VALUES (1,5,18,23);
INSERT INTO wartosc_oczekiwana (id_wartosci_oczekiwanej, wartosc, id_pytania, id_kierunku) VALUES (1,9,19,23);
INSERT INTO wartosc_oczekiwana (id_wartosci_oczekiwanej, wartosc, id_pytania, id_kierunku) VALUES (1,6,20,23);
INSERT INTO wartosc_oczekiwana (id_wartosci_oczekiwanej, wartosc, id_pytania, id_kierunku) VALUES (1,9,21,23);
INSERT INTO wartosc_oczekiwana (id_wartosci_oczekiwanej, wartosc, id_pytania, id_kierunku) VALUES (1,8,22,23);
INSERT INTO wartosc_oczekiwana (id_wartosci_oczekiwanej, wartosc, id_pytania, id_kierunku) VALUES (1,9,23,23);
INSERT INTO wartosc_oczekiwana (id_wartosci_oczekiwanej, wartosc, id_pytania, id_kierunku) VALUES (1,5,24,23);
INSERT INTO wartosc_oczekiwana (id_wartosci_oczekiwanej, wartosc, id_pytania, id_kierunku) VALUES (1,2,25,23);
INSERT INTO wartosc_oczekiwana (id_wartosci_oczekiwanej, wartosc, id_pytania, id_kierunku) VALUES (1,9,26,23);
INSERT INTO wartosc_oczekiwana (id_wartosci_oczekiwanej, wartosc, id_pytania, id_kierunku) VALUES (1,7,27,23);
INSERT INTO wartosc_oczekiwana (id_wartosci_oczekiwanej, wartosc, id_pytania, id_kierunku) VALUES (1,5,28,23);
INSERT INTO wartosc_oczekiwana (id_wartosci_oczekiwanej, wartosc, id_pytania, id_kierunku) VALUES (1,5,29,23);
INSERT INTO wartosc_oczekiwana (id_wartosci_oczekiwanej, wartosc, id_pytania, id_kierunku) VALUES (1,4,30,23);
INSERT INTO wartosc_oczekiwana (id_wartosci_oczekiwanej, wartosc, id_pytania, id_kierunku) VALUES (1,7,31,23);
INSERT INTO wartosc_oczekiwana (id_wartosci_oczekiwanej, wartosc, id_pytania, id_kierunku) VALUES (1,8,32,23);
INSERT INTO wartosc_oczekiwana (id_wartosci_oczekiwanej, wartosc, id_pytania, id_kierunku) VALUES (1,3,33,23);
INSERT INTO wartosc_oczekiwana (id_wartosci_oczekiwanej, wartosc, id_pytania, id_kierunku) VALUES (1,7,34,23);
INSERT INTO wartosc_oczekiwana (id_wartosci_oczekiwanej, wartosc, id_pytania, id_kierunku) VALUES (1,9,35,23);
INSERT INTO wartosc_oczekiwana (id_wartosci_oczekiwanej, wartosc, id_pytania, id_kierunku) VALUES (1,9,36,23);
INSERT INTO wartosc_oczekiwana (id_wartosci_oczekiwanej, wartosc, id_pytania, id_kierunku) VALUES (1,8,37,23);
INSERT INTO wartosc_oczekiwana (id_wartosci_oczekiwanej, wartosc, id_pytania, id_kierunku) VALUES (1,7,38,23);
INSERT INTO wartosc_oczekiwana (id_wartosci_oczekiwanej, wartosc, id_pytania, id_kierunku) VALUES (1,9,39,23);
INSERT INTO wartosc_oczekiwana (id_wartosci_oczekiwanej, wartosc, id_pytania, id_kierunku) VALUES (1,3,40,23);
INSERT INTO wartosc_oczekiwana (id_wartosci_oczekiwanej, wartosc, id_pytania, id_kierunku) VALUES (1,5,41,23);
INSERT INTO wartosc_oczekiwana (id_wartosci_oczekiwanej, wartosc, id_pytania, id_kierunku) VALUES (1,6,1,24);
INSERT INTO wartosc_oczekiwana (id_wartosci_oczekiwanej, wartosc, id_pytania, id_kierunku) VALUES (1,6,2,24);
INSERT INTO wartosc_oczekiwana (id_wartosci_oczekiwanej, wartosc, id_pytania, id_kierunku) VALUES (1,7,3,24);
INSERT INTO wartosc_oczekiwana (id_wartosci_oczekiwanej, wartosc, id_pytania, id_kierunku) VALUES (1,5,4,24);
INSERT INTO wartosc_oczekiwana (id_wartosci_oczekiwanej, wartosc, id_pytania, id_kierunku) VALUES (1,1,5,24);
INSERT INTO wartosc_oczekiwana (id_wartosci_oczekiwanej, wartosc, id_pytania, id_kierunku) VALUES (1,8,6,24);
INSERT INTO wartosc_oczekiwana (id_wartosci_oczekiwanej, wartosc, id_pytania, id_kierunku) VALUES (1,8,7,24);
INSERT INTO wartosc_oczekiwana (id_wartosci_oczekiwanej, wartosc, id_pytania, id_kierunku) VALUES (1,9,8,24);
INSERT INTO wartosc_oczekiwana (id_wartosci_oczekiwanej, wartosc, id_pytania, id_kierunku) VALUES (1,8,9,24);
INSERT INTO wartosc_oczekiwana (id_wartosci_oczekiwanej, wartosc, id_pytania, id_kierunku) VALUES (1,1,10,24);
INSERT INTO wartosc_oczekiwana (id_wartosci_oczekiwanej, wartosc, id_pytania, id_kierunku) VALUES (1,7,11,24);
INSERT INTO wartosc_oczekiwana (id_wartosci_oczekiwanej, wartosc, id_pytania, id_kierunku) VALUES (1,1,12,24);
INSERT INTO wartosc_oczekiwana (id_wartosci_oczekiwanej, wartosc, id_pytania, id_kierunku) VALUES (1,1,13,24);
INSERT INTO wartosc_oczekiwana (id_wartosci_oczekiwanej, wartosc, id_pytania, id_kierunku) VALUES (1,8,14,24);
INSERT INTO wartosc_oczekiwana (id_wartosci_oczekiwanej, wartosc, id_pytania, id_kierunku) VALUES (1,6,15,24);
INSERT INTO wartosc_oczekiwana (id_wartosci_oczekiwanej, wartosc, id_pytania, id_kierunku) VALUES (1,9,16,24);
INSERT INTO wartosc_oczekiwana (id_wartosci_oczekiwanej, wartosc, id_pytania, id_kierunku) VALUES (1,9,17,24);
INSERT INTO wartosc_oczekiwana (id_wartosci_oczekiwanej, wartosc, id_pytania, id_kierunku) VALUES (1,4,18,24);
INSERT INTO wartosc_oczekiwana (id_wartosci_oczekiwanej, wartosc, id_pytania, id_kierunku) VALUES (1,8,19,24);
INSERT INTO wartosc_oczekiwana (id_wartosci_oczekiwanej, wartosc, id_pytania, id_kierunku) VALUES (1,7,20,24);
INSERT INTO wartosc_oczekiwana (id_wartosci_oczekiwanej, wartosc, id_pytania, id_kierunku) VALUES (1,9,21,24);
INSERT INTO wartosc_oczekiwana (id_wartosci_oczekiwanej, wartosc, id_pytania, id_kierunku) VALUES (1,8,22,24);
INSERT INTO wartosc_oczekiwana (id_wartosci_oczekiwanej, wartosc, id_pytania, id_kierunku) VALUES (1,7,23,24);
INSERT INTO wartosc_oczekiwana (id_wartosci_oczekiwanej, wartosc, id_pytania, id_kierunku) VALUES (1,6,24,24);
INSERT INTO wartosc_oczekiwana (id_wartosci_oczekiwanej, wartosc, id_pytania, id_kierunku) VALUES (1,4,25,24);
INSERT INTO wartosc_oczekiwana (id_wartosci_oczekiwanej, wartosc, id_pytania, id_kierunku) VALUES (1,7,26,24);
INSERT INTO wartosc_oczekiwana (id_wartosci_oczekiwanej, wartosc, id_pytania, id_kierunku) VALUES (1,3,27,24);
INSERT INTO wartosc_oczekiwana (id_wartosci_oczekiwanej, wartosc, id_pytania, id_kierunku) VALUES (1,7,28,24);
INSERT INTO wartosc_oczekiwana (id_wartosci_oczekiwanej, wartosc, id_pytania, id_kierunku) VALUES (1,6,29,24);
INSERT INTO wartosc_oczekiwana (id_wartosci_oczekiwanej, wartosc, id_pytania, id_kierunku) VALUES (1,3,30,24);
INSERT INTO wartosc_oczekiwana (id_wartosci_oczekiwanej, wartosc, id_pytania, id_kierunku) VALUES (1,3,31,24);
INSERT INTO wartosc_oczekiwana (id_wartosci_oczekiwanej, wartosc, id_pytania, id_kierunku) VALUES (1,5,32,24);
INSERT INTO wartosc_oczekiwana (id_wartosci_oczekiwanej, wartosc, id_pytania, id_kierunku) VALUES (1,2,33,24);
INSERT INTO wartosc_oczekiwana (id_wartosci_oczekiwanej, wartosc, id_pytania, id_kierunku) VALUES (1,7,34,24);
INSERT INTO wartosc_oczekiwana (id_wartosci_oczekiwanej, wartosc, id_pytania, id_kierunku) VALUES (1,4,35,24);
INSERT INTO wartosc_oczekiwana (id_wartosci_oczekiwanej, wartosc, id_pytania, id_kierunku) VALUES (1,9,36,24);
INSERT INTO wartosc_oczekiwana (id_wartosci_oczekiwanej, wartosc, id_pytania, id_kierunku) VALUES (1,6,37,24);
INSERT INTO wartosc_oczekiwana (id_wartosci_oczekiwanej, wartosc, id_pytania, id_kierunku) VALUES (1,7,38,24);
INSERT INTO wartosc_oczekiwana (id_wartosci_oczekiwanej, wartosc, id_pytania, id_kierunku) VALUES (1,6,39,24);
INSERT INTO wartosc_oczekiwana (id_wartosci_oczekiwanej, wartosc, id_pytania, id_kierunku) VALUES (1,1,40,24);
INSERT INTO wartosc_oczekiwana (id_wartosci_oczekiwanej, wartosc, id_pytania, id_kierunku) VALUES (1,7,41,24);
INSERT INTO wartosc_oczekiwana (id_wartosci_oczekiwanej, wartosc, id_pytania, id_kierunku) VALUES (1,7,1,25);
INSERT INTO wartosc_oczekiwana (id_wartosci_oczekiwanej, wartosc, id_pytania, id_kierunku) VALUES (1,6,2,25);
INSERT INTO wartosc_oczekiwana (id_wartosci_oczekiwanej, wartosc, id_pytania, id_kierunku) VALUES (1,5,3,25);
INSERT INTO wartosc_oczekiwana (id_wartosci_oczekiwanej, wartosc, id_pytania, id_kierunku) VALUES (1,7,4,25);
INSERT INTO wartosc_oczekiwana (id_wartosci_oczekiwanej, wartosc, id_pytania, id_kierunku) VALUES (1,1,5,25);
INSERT INTO wartosc_oczekiwana (id_wartosci_oczekiwanej, wartosc, id_pytania, id_kierunku) VALUES (1,8,6,25);
INSERT INTO wartosc_oczekiwana (id_wartosci_oczekiwanej, wartosc, id_pytania, id_kierunku) VALUES (1,6,7,25);
INSERT INTO wartosc_oczekiwana (id_wartosci_oczekiwanej, wartosc, id_pytania, id_kierunku) VALUES (1,8,8,25);
INSERT INTO wartosc_oczekiwana (id_wartosci_oczekiwanej, wartosc, id_pytania, id_kierunku) VALUES (1,5,9,25);
INSERT INTO wartosc_oczekiwana (id_wartosci_oczekiwanej, wartosc, id_pytania, id_kierunku) VALUES (1,1,10,25);
INSERT INTO wartosc_oczekiwana (id_wartosci_oczekiwanej, wartosc, id_pytania, id_kierunku) VALUES (1,3,11,25);
INSERT INTO wartosc_oczekiwana (id_wartosci_oczekiwanej, wartosc, id_pytania, id_kierunku) VALUES (1,1,12,25);
INSERT INTO wartosc_oczekiwana (id_wartosci_oczekiwanej, wartosc, id_pytania, id_kierunku) VALUES (1,1,13,25);
INSERT INTO wartosc_oczekiwana (id_wartosci_oczekiwanej, wartosc, id_pytania, id_kierunku) VALUES (1,8,14,25);
INSERT INTO wartosc_oczekiwana (id_wartosci_oczekiwanej, wartosc, id_pytania, id_kierunku) VALUES (1,3,15,25);
INSERT INTO wartosc_oczekiwana (id_wartosci_oczekiwanej, wartosc, id_pytania, id_kierunku) VALUES (1,4,16,25);
INSERT INTO wartosc_oczekiwana (id_wartosci_oczekiwanej, wartosc, id_pytania, id_kierunku) VALUES (1,8,17,25);
INSERT INTO wartosc_oczekiwana (id_wartosci_oczekiwanej, wartosc, id_pytania, id_kierunku) VALUES (1,4,18,25);
INSERT INTO wartosc_oczekiwana (id_wartosci_oczekiwanej, wartosc, id_pytania, id_kierunku) VALUES (1,7,19,25);
INSERT INTO wartosc_oczekiwana (id_wartosci_oczekiwanej, wartosc, id_pytania, id_kierunku) VALUES (1,9,20,25);
INSERT INTO wartosc_oczekiwana (id_wartosci_oczekiwanej, wartosc, id_pytania, id_kierunku) VALUES (1,9,21,25);
INSERT INTO wartosc_oczekiwana (id_wartosci_oczekiwanej, wartosc, id_pytania, id_kierunku) VALUES (1,6,22,25);
INSERT INTO wartosc_oczekiwana (id_wartosci_oczekiwanej, wartosc, id_pytania, id_kierunku) VALUES (1,7,23,25);
INSERT INTO wartosc_oczekiwana (id_wartosci_oczekiwanej, wartosc, id_pytania, id_kierunku) VALUES (1,3,24,25);
INSERT INTO wartosc_oczekiwana (id_wartosci_oczekiwanej, wartosc, id_pytania, id_kierunku) VALUES (1,8,25,25);
INSERT INTO wartosc_oczekiwana (id_wartosci_oczekiwanej, wartosc, id_pytania, id_kierunku) VALUES (1,7,26,25);
INSERT INTO wartosc_oczekiwana (id_wartosci_oczekiwanej, wartosc, id_pytania, id_kierunku) VALUES (1,8,27,25);
INSERT INTO wartosc_oczekiwana (id_wartosci_oczekiwanej, wartosc, id_pytania, id_kierunku) VALUES (1,4,28,25);
INSERT INTO wartosc_oczekiwana (id_wartosci_oczekiwanej, wartosc, id_pytania, id_kierunku) VALUES (1,4,29,25);
INSERT INTO wartosc_oczekiwana (id_wartosci_oczekiwanej, wartosc, id_pytania, id_kierunku) VALUES (1,7,30,25);
INSERT INTO wartosc_oczekiwana (id_wartosci_oczekiwanej, wartosc, id_pytania, id_kierunku) VALUES (1,8,31,25);
INSERT INTO wartosc_oczekiwana (id_wartosci_oczekiwanej, wartosc, id_pytania, id_kierunku) VALUES (1,5,32,25);
INSERT INTO wartosc_oczekiwana (id_wartosci_oczekiwanej, wartosc, id_pytania, id_kierunku) VALUES (1,2,33,25);
INSERT INTO wartosc_oczekiwana (id_wartosci_oczekiwanej, wartosc, id_pytania, id_kierunku) VALUES (1,9,34,25);
INSERT INTO wartosc_oczekiwana (id_wartosci_oczekiwanej, wartosc, id_pytania, id_kierunku) VALUES (1,9,35,25);
INSERT INTO wartosc_oczekiwana (id_wartosci_oczekiwanej, wartosc, id_pytania, id_kierunku) VALUES (1,5,36,25);
INSERT INTO wartosc_oczekiwana (id_wartosci_oczekiwanej, wartosc, id_pytania, id_kierunku) VALUES (1,10,37,25);
INSERT INTO wartosc_oczekiwana (id_wartosci_oczekiwanej, wartosc, id_pytania, id_kierunku) VALUES (1,6,38,25);
INSERT INTO wartosc_oczekiwana (id_wartosci_oczekiwanej, wartosc, id_pytania, id_kierunku) VALUES (1,8,39,25);
INSERT INTO wartosc_oczekiwana (id_wartosci_oczekiwanej, wartosc, id_pytania, id_kierunku) VALUES (1,1,40,25);
INSERT INTO wartosc_oczekiwana (id_wartosci_oczekiwanej, wartosc, id_pytania, id_kierunku) VALUES (1,5,41,25);
INSERT INTO wartosc_oczekiwana (id_wartosci_oczekiwanej, wartosc, id_pytania, id_kierunku) VALUES (1,4,1,26);
INSERT INTO wartosc_oczekiwana (id_wartosci_oczekiwanej, wartosc, id_pytania, id_kierunku) VALUES (1,1,2,26);
INSERT INTO wartosc_oczekiwana (id_wartosci_oczekiwanej, wartosc, id_pytania, id_kierunku) VALUES (1,1,3,26);
INSERT INTO wartosc_oczekiwana (id_wartosci_oczekiwanej, wartosc, id_pytania, id_kierunku) VALUES (1,3,4,26);
INSERT INTO wartosc_oczekiwana (id_wartosci_oczekiwanej, wartosc, id_pytania, id_kierunku) VALUES (1,4,5,26);
INSERT INTO wartosc_oczekiwana (id_wartosci_oczekiwanej, wartosc, id_pytania, id_kierunku) VALUES (1,8,6,26);
INSERT INTO wartosc_oczekiwana (id_wartosci_oczekiwanej, wartosc, id_pytania, id_kierunku) VALUES (1,9,7,26);
INSERT INTO wartosc_oczekiwana (id_wartosci_oczekiwanej, wartosc, id_pytania, id_kierunku) VALUES (1,9,8,26);
INSERT INTO wartosc_oczekiwana (id_wartosci_oczekiwanej, wartosc, id_pytania, id_kierunku) VALUES (1,9,9,26);
INSERT INTO wartosc_oczekiwana (id_wartosci_oczekiwanej, wartosc, id_pytania, id_kierunku) VALUES (1,1,10,26);
INSERT INTO wartosc_oczekiwana (id_wartosci_oczekiwanej, wartosc, id_pytania, id_kierunku) VALUES (1,8,11,26);
INSERT INTO wartosc_oczekiwana (id_wartosci_oczekiwanej, wartosc, id_pytania, id_kierunku) VALUES (1,10,12,26);
INSERT INTO wartosc_oczekiwana (id_wartosci_oczekiwanej, wartosc, id_pytania, id_kierunku) VALUES (1,9,13,26);
INSERT INTO wartosc_oczekiwana (id_wartosci_oczekiwanej, wartosc, id_pytania, id_kierunku) VALUES (1,6,14,26);
INSERT INTO wartosc_oczekiwana (id_wartosci_oczekiwanej, wartosc, id_pytania, id_kierunku) VALUES (1,10,15,26);
INSERT INTO wartosc_oczekiwana (id_wartosci_oczekiwanej, wartosc, id_pytania, id_kierunku) VALUES (1,1,16,26);
INSERT INTO wartosc_oczekiwana (id_wartosci_oczekiwanej, wartosc, id_pytania, id_kierunku) VALUES (1,9,17,26);
INSERT INTO wartosc_oczekiwana (id_wartosci_oczekiwanej, wartosc, id_pytania, id_kierunku) VALUES (1,3,18,26);
INSERT INTO wartosc_oczekiwana (id_wartosci_oczekiwanej, wartosc, id_pytania, id_kierunku) VALUES (1,7,19,26);
INSERT INTO wartosc_oczekiwana (id_wartosci_oczekiwanej, wartosc, id_pytania, id_kierunku) VALUES (1,9,20,26);
INSERT INTO wartosc_oczekiwana (id_wartosci_oczekiwanej, wartosc, id_pytania, id_kierunku) VALUES (1,4,21,26);
INSERT INTO wartosc_oczekiwana (id_wartosci_oczekiwanej, wartosc, id_pytania, id_kierunku) VALUES (1,7,22,26);
INSERT INTO wartosc_oczekiwana (id_wartosci_oczekiwanej, wartosc, id_pytania, id_kierunku) VALUES (1,6,23,26);
INSERT INTO wartosc_oczekiwana (id_wartosci_oczekiwanej, wartosc, id_pytania, id_kierunku) VALUES (1,5,24,26);
INSERT INTO wartosc_oczekiwana (id_wartosci_oczekiwanej, wartosc, id_pytania, id_kierunku) VALUES (1,4,25,26);
INSERT INTO wartosc_oczekiwana (id_wartosci_oczekiwanej, wartosc, id_pytania, id_kierunku) VALUES (1,4,26,26);
INSERT INTO wartosc_oczekiwana (id_wartosci_oczekiwanej, wartosc, id_pytania, id_kierunku) VALUES (1,8,27,26);
INSERT INTO wartosc_oczekiwana (id_wartosci_oczekiwanej, wartosc, id_pytania, id_kierunku) VALUES (1,5,28,26);
INSERT INTO wartosc_oczekiwana (id_wartosci_oczekiwanej, wartosc, id_pytania, id_kierunku) VALUES (1,7,29,26);
INSERT INTO wartosc_oczekiwana (id_wartosci_oczekiwanej, wartosc, id_pytania, id_kierunku) VALUES (1,6,30,26);
INSERT INTO wartosc_oczekiwana (id_wartosci_oczekiwanej, wartosc, id_pytania, id_kierunku) VALUES (1,5,31,26);
INSERT INTO wartosc_oczekiwana (id_wartosci_oczekiwanej, wartosc, id_pytania, id_kierunku) VALUES (1,8,32,26);
INSERT INTO wartosc_oczekiwana (id_wartosci_oczekiwanej, wartosc, id_pytania, id_kierunku) VALUES (1,4,33,26);
INSERT INTO wartosc_oczekiwana (id_wartosci_oczekiwanej, wartosc, id_pytania, id_kierunku) VALUES (1,9,34,26);
INSERT INTO wartosc_oczekiwana (id_wartosci_oczekiwanej, wartosc, id_pytania, id_kierunku) VALUES (1,9,35,26);
INSERT INTO wartosc_oczekiwana (id_wartosci_oczekiwanej, wartosc, id_pytania, id_kierunku) VALUES (1,4,36,26);
INSERT INTO wartosc_oczekiwana (id_wartosci_oczekiwanej, wartosc, id_pytania, id_kierunku) VALUES (1,9,37,26);
INSERT INTO wartosc_oczekiwana (id_wartosci_oczekiwanej, wartosc, id_pytania, id_kierunku) VALUES (1,5,38,26);
INSERT INTO wartosc_oczekiwana (id_wartosci_oczekiwanej, wartosc, id_pytania, id_kierunku) VALUES (1,7,39,26);
INSERT INTO wartosc_oczekiwana (id_wartosci_oczekiwanej, wartosc, id_pytania, id_kierunku) VALUES (1,5,40,26);
INSERT INTO wartosc_oczekiwana (id_wartosci_oczekiwanej, wartosc, id_pytania, id_kierunku) VALUES (1,9,41,26);
INSERT INTO wartosc_oczekiwana (id_wartosci_oczekiwanej, wartosc, id_pytania, id_kierunku) VALUES (1,9,1,27);
INSERT INTO wartosc_oczekiwana (id_wartosci_oczekiwanej, wartosc, id_pytania, id_kierunku) VALUES (1,8,2,27);
INSERT INTO wartosc_oczekiwana (id_wartosci_oczekiwanej, wartosc, id_pytania, id_kierunku) VALUES (1,7,3,27);
INSERT INTO wartosc_oczekiwana (id_wartosci_oczekiwanej, wartosc, id_pytania, id_kierunku) VALUES (1,9,4,27);
INSERT INTO wartosc_oczekiwana (id_wartosci_oczekiwanej, wartosc, id_pytania, id_kierunku) VALUES (1,5,5,27);
INSERT INTO wartosc_oczekiwana (id_wartosci_oczekiwanej, wartosc, id_pytania, id_kierunku) VALUES (1,4,6,27);
INSERT INTO wartosc_oczekiwana (id_wartosci_oczekiwanej, wartosc, id_pytania, id_kierunku) VALUES (1,7,7,27);
INSERT INTO wartosc_oczekiwana (id_wartosci_oczekiwanej, wartosc, id_pytania, id_kierunku) VALUES (1,8,8,27);
INSERT INTO wartosc_oczekiwana (id_wartosci_oczekiwanej, wartosc, id_pytania, id_kierunku) VALUES (1,7,9,27);
INSERT INTO wartosc_oczekiwana (id_wartosci_oczekiwanej, wartosc, id_pytania, id_kierunku) VALUES (1,1,10,27);
INSERT INTO wartosc_oczekiwana (id_wartosci_oczekiwanej, wartosc, id_pytania, id_kierunku) VALUES (1,6,11,27);
INSERT INTO wartosc_oczekiwana (id_wartosci_oczekiwanej, wartosc, id_pytania, id_kierunku) VALUES (1,2,12,27);
INSERT INTO wartosc_oczekiwana (id_wartosci_oczekiwanej, wartosc, id_pytania, id_kierunku) VALUES (1,6,13,27);
INSERT INTO wartosc_oczekiwana (id_wartosci_oczekiwanej, wartosc, id_pytania, id_kierunku) VALUES (1,8,14,27);
INSERT INTO wartosc_oczekiwana (id_wartosci_oczekiwanej, wartosc, id_pytania, id_kierunku) VALUES (1,4,15,27);
INSERT INTO wartosc_oczekiwana (id_wartosci_oczekiwanej, wartosc, id_pytania, id_kierunku) VALUES (1,2,16,27);
INSERT INTO wartosc_oczekiwana (id_wartosci_oczekiwanej, wartosc, id_pytania, id_kierunku) VALUES (1,7,17,27);
INSERT INTO wartosc_oczekiwana (id_wartosci_oczekiwanej, wartosc, id_pytania, id_kierunku) VALUES (1,3,18,27);
INSERT INTO wartosc_oczekiwana (id_wartosci_oczekiwanej, wartosc, id_pytania, id_kierunku) VALUES (1,7,19,27);
INSERT INTO wartosc_oczekiwana (id_wartosci_oczekiwanej, wartosc, id_pytania, id_kierunku) VALUES (1,5,20,27);
INSERT INTO wartosc_oczekiwana (id_wartosci_oczekiwanej, wartosc, id_pytania, id_kierunku) VALUES (1,4,21,27);
INSERT INTO wartosc_oczekiwana (id_wartosci_oczekiwanej, wartosc, id_pytania, id_kierunku) VALUES (1,7,22,27);
INSERT INTO wartosc_oczekiwana (id_wartosci_oczekiwanej, wartosc, id_pytania, id_kierunku) VALUES (1,5,23,27);
INSERT INTO wartosc_oczekiwana (id_wartosci_oczekiwanej, wartosc, id_pytania, id_kierunku) VALUES (1,8,24,27);
INSERT INTO wartosc_oczekiwana (id_wartosci_oczekiwanej, wartosc, id_pytania, id_kierunku) VALUES (1,8,25,27);
INSERT INTO wartosc_oczekiwana (id_wartosci_oczekiwanej, wartosc, id_pytania, id_kierunku) VALUES (1,4,26,27);
INSERT INTO wartosc_oczekiwana (id_wartosci_oczekiwanej, wartosc, id_pytania, id_kierunku) VALUES (1,5,27,27);
INSERT INTO wartosc_oczekiwana (id_wartosci_oczekiwanej, wartosc, id_pytania, id_kierunku) VALUES (1,9,28,27);
INSERT INTO wartosc_oczekiwana (id_wartosci_oczekiwanej, wartosc, id_pytania, id_kierunku) VALUES (1,3,29,27);
INSERT INTO wartosc_oczekiwana (id_wartosci_oczekiwanej, wartosc, id_pytania, id_kierunku) VALUES (1,4,30,27);
INSERT INTO wartosc_oczekiwana (id_wartosci_oczekiwanej, wartosc, id_pytania, id_kierunku) VALUES (1,8,31,27);
INSERT INTO wartosc_oczekiwana (id_wartosci_oczekiwanej, wartosc, id_pytania, id_kierunku) VALUES (1,7,32,27);
INSERT INTO wartosc_oczekiwana (id_wartosci_oczekiwanej, wartosc, id_pytania, id_kierunku) VALUES (1,5,33,27);
INSERT INTO wartosc_oczekiwana (id_wartosci_oczekiwanej, wartosc, id_pytania, id_kierunku) VALUES (1,5,34,27);
INSERT INTO wartosc_oczekiwana (id_wartosci_oczekiwanej, wartosc, id_pytania, id_kierunku) VALUES (1,8,35,27);
INSERT INTO wartosc_oczekiwana (id_wartosci_oczekiwanej, wartosc, id_pytania, id_kierunku) VALUES (1,4,36,27);
INSERT INTO wartosc_oczekiwana (id_wartosci_oczekiwanej, wartosc, id_pytania, id_kierunku) VALUES (1,6,37,27);
INSERT INTO wartosc_oczekiwana (id_wartosci_oczekiwanej, wartosc, id_pytania, id_kierunku) VALUES (1,5,38,27);
INSERT INTO wartosc_oczekiwana (id_wartosci_oczekiwanej, wartosc, id_pytania, id_kierunku) VALUES (1,7,39,27);
INSERT INTO wartosc_oczekiwana (id_wartosci_oczekiwanej, wartosc, id_pytania, id_kierunku) VALUES (1,0,40,27);
INSERT INTO wartosc_oczekiwana (id_wartosci_oczekiwanej, wartosc, id_pytania, id_kierunku) VALUES (1,6,41,27);