INSERT INTO rola (id_roli, rola) VALUES (1, 'ADMIN');
INSERT INTO rola (id_roli, rola) VALUES (2, 'USER');


INSERT INTO uzytkownik (id_uzytkownika, email, haslo, imie, nazwisko, active, ankieta) VALUES (1, 'user@user', '$2a$10$Anb7jpgtB7VNkiHyV0kvWuYgHsHwKRQMPzQ.EOZLGXgnj/8bSzfha', 'user', 'user', 1, false);
INSERT INTO uzytkownik (id_uzytkownika, email, haslo, imie, nazwisko, active, ankieta) VALUES (2, 'usedr@usder', '$2a$10$Anb7jpgtB7VNkiHyV0kvWuYgHsHwKRQMPzQ.EOZLGXgnj/8bSzfha', 'user', 'user', 1, false);
INSERT INTO uzytkownik (id_uzytkownika, email, haslo, imie, nazwisko, active, ankieta) VALUES (3, 'admin@admin', '$2a$10$Anb7jpgtB7VNkiHyV0kvWuYgHsHwKRQMPzQ.EOZLGXgnj/8bSzfha', 'admin', 'admin', 1, false);

INSERT INTO uzytkownik_rola (id_uzytkownika, id_roli) VALUES (1, 2);
INSERT INTO uzytkownik_rola (id_uzytkownika, id_roli) VALUES (2, 2);
INSERT INTO uzytkownik_rola(id_uzytkownika, id_roli) VALUES (3, 1);
INSERT INTO uzytkownik_rola (id_uzytkownika, id_roli) VALUES (3, 2);


INSERT INTO wydzial (id_wydzialu, nazwa, adres) VALUES (1, 'Wydzial Zarzadzania', 'Powstancow Warszawy');
INSERT INTO wydzial (id_wydzialu, nazwa, adres) VALUES (2, 'Wydzial Elektrotechniki i Informatyki', 'Wincentego Pola');
INSERT INTO wydzial (id_wydzialu, nazwa, adres) VALUES (3, 'Wydzial Budowy Maszyn i Lotnictwa', 'Powstancow Warszawy');
INSERT INTO wydzial (id_wydzialu, nazwa, adres) VALUES (4, 'Wydzial Budownictwa, Inzynierii Srodowiska i Architektury', 'Poznańska');
INSERT INTO wydzial (id_wydzialu, nazwa, adres) VALUES (5, 'Wydzial Chemiczny', 'Powstancow Warszawy');
INSERT INTO wydzial (id_wydzialu, nazwa, adres) VALUES (6, 'Wydzial Matematyki i Fizyka stosowanej', 'Powstancow Warszawy');
INSERT INTO wydzial (id_wydzialu, nazwa, adres) VALUES (7, 'Wydzial Mechaniczno Technologiczny', 'Kwiatkowskiego');

INSERT INTO kierunek (id_kierunku, id_wydzialu, nazwa, opis) VALUES (1, 1, 'Bezpieczenstwo wewnetrzne', 'brak opisu');
INSERT INTO kierunek (id_kierunku, id_wydzialu, nazwa, opis) VALUES (2, 1, 'Finanse i rachunkowosc', 'brak opisu');
INSERT INTO kierunek (id_kierunku, id_wydzialu, nazwa, opis) VALUES (3, 1, 'Logistyka', 'brak opisu');
INSERT INTO kierunek (id_kierunku, id_wydzialu, nazwa, opis) VALUES (4, 1, 'Zarzadzanie', 'brak opisu');
INSERT INTO kierunek (id_kierunku, id_wydzialu, nazwa, opis) VALUES (5, 2, 'Automatyka i robotyka', 'brak opisu');
INSERT INTO kierunek (id_kierunku, id_wydzialu, nazwa, opis) VALUES (6, 2, 'Elektronika i telekomunikacja', 'brak opisu');
INSERT INTO kierunek (id_kierunku, id_wydzialu, nazwa, opis) VALUES (7, 2, 'Elektrotechnika', 'brak opisu');
INSERT INTO kierunek (id_kierunku, id_wydzialu, nazwa, opis) VALUES (8, 2, 'Energetyka', 'brak opisu');
INSERT INTO kierunek (id_kierunku, id_wydzialu, nazwa, opis) VALUES (9, 2, 'Informatyka', 'brak opisu');
INSERT INTO kierunek (id_kierunku, id_wydzialu, nazwa, opis) VALUES (10, 3, 'Mechanika i budowa maszyn', 'brak opisu');
INSERT INTO kierunek (id_kierunku, id_wydzialu, nazwa, opis) VALUES (11, 3, 'Zarzadzanie i inzynieria produkcji', 'brak opisu');
INSERT INTO kierunek (id_kierunku, id_wydzialu, nazwa, opis) VALUES (12, 3, 'Lotnictwo i kosmonautyka', 'brak opisu');
INSERT INTO kierunek (id_kierunku, id_wydzialu, nazwa, opis) VALUES (13, 3, 'Transport', 'brak opisu');
INSERT INTO kierunek (id_kierunku, id_wydzialu, nazwa, opis) VALUES (14, 3, 'Mechatronika', 'brak opisu');
INSERT INTO kierunek (id_kierunku, id_wydzialu, nazwa, opis) VALUES (15, 3, 'Inżynieria materiałowa', 'brak opisu');
INSERT INTO kierunek (id_kierunku, id_wydzialu, nazwa, opis) VALUES (16, 4, 'Architektura', 'brak opisu');
INSERT INTO kierunek (id_kierunku, id_wydzialu, nazwa, opis) VALUES (17, 4, 'Budownictwo', 'brak opisu');
INSERT INTO kierunek (id_kierunku, id_wydzialu, nazwa, opis) VALUES (18, 4, 'Ochrona srodowiska', 'brak opisu');
INSERT INTO kierunek (id_kierunku, id_wydzialu, nazwa, opis) VALUES (19, 4, 'Inzynieria srodowiska', 'brak opisu');
INSERT INTO kierunek (id_kierunku, id_wydzialu, nazwa, opis) VALUES (20, 4, 'Biogospodarka', 'brak opisu');
INSERT INTO kierunek (id_kierunku, id_wydzialu, nazwa, opis) VALUES (21, 5, 'Technologia chemiczna', 'brak opisu');
INSERT INTO kierunek (id_kierunku, id_wydzialu, nazwa, opis) VALUES (22, 5, 'Inzynieria chemiczna i procesowa', 'brak opisu');
INSERT INTO kierunek (id_kierunku, id_wydzialu, nazwa, opis) VALUES (23, 5, 'Biotechnologia', 'brak opisu');
INSERT INTO kierunek (id_kierunku, id_wydzialu, nazwa, opis) VALUES (24, 6, 'Inzynieria medyczna', 'brak opisu');
INSERT INTO kierunek (id_kierunku, id_wydzialu, nazwa, opis) VALUES (25, 6, 'Zastosowane matematyki w ekonomii', 'brak opisu');
INSERT INTO kierunek (id_kierunku, id_wydzialu, nazwa, opis) VALUES (26, 7, 'Mechanika i budowa maszyn', 'brak opisu');
INSERT INTO kierunek (id_kierunku, id_wydzialu, nazwa, opis) VALUES (27, 7, 'Zarzadzanie i inzynieria produkcji', 'brak opisu');




INSERT INTO pytanie (id_pytania , tresc) VALUES (1, 'Jak oceniasz swoje umiejetnosci dogadywania sie z ludzmi?');
INSERT INTO pytanie (id_pytania , tresc) VALUES (2, 'Twoim zdaniem umiejetnosci miekkie sa wazniejsze?');
INSERT INTO pytanie (id_pytania , tresc) VALUES (3, 'Czy czujesz sie dobrze kiedy wystepujesz publicznie?');
INSERT INTO pytanie (id_pytania , tresc) VALUES (4, 'Twoim zdaniem posiadasz umiejetnosci motywowania innych do dzialania?');
INSERT INTO pytanie (id_pytania , tresc) VALUES (5, 'Uwazasz ze sport zajmuje duza czesc twojego zycia?');
INSERT INTO pytanie (id_pytania , tresc) VALUES (6, 'Uwazasz ze posiadasz inteligencje kognitywna?');
INSERT INTO pytanie (id_pytania , tresc) VALUES (7, 'Masz wyobrazenie przestrzenne?');
INSERT INTO pytanie (id_pytania , tresc) VALUES (8, 'Jestes osoba dokladna?');
INSERT INTO pytanie (id_pytania , tresc) VALUES (9, 'Robisz drobne, zlozone rzeczy? ');
INSERT INTO pytanie (id_pytania , tresc) VALUES (10, 'Lubisz latac samolotem?');
INSERT INTO pytanie (id_pytania , tresc) VALUES (11, 'Posiadasz zdolnosci manualne?');
INSERT INTO pytanie (id_pytania , tresc) VALUES (12, 'Interesuje Cie modernizacja , budowa?');
INSERT INTO pytanie (id_pytania , tresc) VALUES (13, 'Montujesz i naprawiasz rozne maszyny , przyrzady i mechanizmy?');
INSERT INTO pytanie (id_pytania , tresc) VALUES (14, 'Czy czesto wpadasz na ciekawe pomysly?');
INSERT INTO pytanie (id_pytania , tresc) VALUES (15, 'Czy lubisz projektowac?');
INSERT INTO pytanie (id_pytania , tresc) VALUES (16, 'Czy dbasz o srodowisko?');
INSERT INTO pytanie (id_pytania , tresc) VALUES (17, 'Jestes dokladny w tym co robisz?');
INSERT INTO pytanie (id_pytania , tresc) VALUES (18, 'Czy masz wyczucie stylu i estetyki?');
INSERT INTO pytanie (id_pytania , tresc) VALUES (19, 'Jestes osoba dokladna, precyzyjna? ');
INSERT INTO pytanie (id_pytania , tresc) VALUES (20, 'Posiadasz podzielnosc uwagi?');
INSERT INTO pytanie (id_pytania , tresc) VALUES (21, 'Potrafisz uczyc sie systematycznie?');
INSERT INTO pytanie (id_pytania , tresc) VALUES (22, 'Jestes ambitny?');
INSERT INTO pytanie (id_pytania , tresc) VALUES (23, 'Masz dobra pamiec?');
INSERT INTO pytanie (id_pytania , tresc) VALUES (24, 'Posiadasz zdolnosci manualne?');
INSERT INTO pytanie (id_pytania , tresc) VALUES (25, 'Jestes osoba ostrozna czy bardziej porywcza i nie ostrozna?');
INSERT INTO pytanie (id_pytania , tresc) VALUES (26, 'W jakim stopniu jestes osoba cierpliwa?');
INSERT INTO pytanie (id_pytania , tresc) VALUES (27, 'Jak bardzo lubisz pracowac z komputerem?');
INSERT INTO pytanie (id_pytania , tresc) VALUES (28, 'Ocen czy potrafia skoncentrowac sie na jednostajnych czynnosciach.');
INSERT INTO pytanie (id_pytania , tresc) VALUES (29, 'W jakim stopniu potrafisz sluchac innych?');
INSERT INTO pytanie (id_pytania , tresc) VALUES (30, 'Jak bardzo jestes osoba skryta w sobie? ');
INSERT INTO pytanie (id_pytania , tresc) VALUES (31, 'W jakim stopniu masz opanowana sztuke prowadzenia prezentacji?');
INSERT INTO pytanie (id_pytania , tresc) VALUES (32, 'Ocen jak radzisz sobie z praca z zespolem.');
INSERT INTO pytanie (id_pytania , tresc) VALUES (33, 'Ocen jak bardzo jestes ruchliwa osoba.');
INSERT INTO pytanie (id_pytania , tresc) VALUES (34, 'Czy posiadasz scisly umysl?');
INSERT INTO pytanie (id_pytania , tresc) VALUES (35, 'Myslisz w sposob analityczny?');
INSERT INTO pytanie (id_pytania , tresc) VALUES (36, 'Lubisz uczyc sie systematycznie?');
INSERT INTO pytanie (id_pytania , tresc) VALUES (37, 'Lubisz rozwiazywac zadania obliczeniowe?');
INSERT INTO pytanie (id_pytania , tresc) VALUES (38, 'Jestes dobrym sluchaczem i latwo przyswajasz wiedze?');
INSERT INTO pytanie (id_pytania , tresc) VALUES (39, 'Dzialasz szybko i sprawnie?');
INSERT INTO pytanie (id_pytania , tresc) VALUES (40, 'Czy uwazasz ze odnawianie starych samochodow to dobre hobby?');
INSERT INTO pytanie (id_pytania , tresc) VALUES (41, 'Twoim zdaniem posiadasz dobrze rozwiniete zdolnosci manualne?');

INSERT INTO odpowiedz_uzytkownika (id_odpowiedzi_uzytkownika, wartosc, id_pytania, id_uzytkownika) VALUES (1, 0, 1, 3);
INSERT INTO odpowiedz_uzytkownika (id_odpowiedzi_uzytkownika, wartosc, id_pytania, id_uzytkownika) VALUES (2, 0, 2, 3);
INSERT INTO odpowiedz_uzytkownika (id_odpowiedzi_uzytkownika, wartosc, id_pytania, id_uzytkownika) VALUES (3, 0, 3, 3);
INSERT INTO odpowiedz_uzytkownika (id_odpowiedzi_uzytkownika, wartosc, id_pytania, id_uzytkownika) VALUES (4, 0, 4, 3);
INSERT INTO odpowiedz_uzytkownika (id_odpowiedzi_uzytkownika, wartosc, id_pytania, id_uzytkownika) VALUES (5, 0, 5, 3);
INSERT INTO odpowiedz_uzytkownika (id_odpowiedzi_uzytkownika, wartosc, id_pytania, id_uzytkownika) VALUES (6, 0, 6, 3);
INSERT INTO odpowiedz_uzytkownika (id_odpowiedzi_uzytkownika, wartosc, id_pytania, id_uzytkownika) VALUES (7, 0, 7, 3);
INSERT INTO odpowiedz_uzytkownika (id_odpowiedzi_uzytkownika, wartosc, id_pytania, id_uzytkownika) VALUES (8, 0, 8, 3);
INSERT INTO odpowiedz_uzytkownika (id_odpowiedzi_uzytkownika, wartosc, id_pytania, id_uzytkownika) VALUES (9, 0, 9, 3);
INSERT INTO odpowiedz_uzytkownika (id_odpowiedzi_uzytkownika, wartosc, id_pytania, id_uzytkownika) VALUES (10, 0, 10, 3);
INSERT INTO odpowiedz_uzytkownika (id_odpowiedzi_uzytkownika, wartosc, id_pytania, id_uzytkownika) VALUES (11, 0, 11, 3);
INSERT INTO odpowiedz_uzytkownika (id_odpowiedzi_uzytkownika, wartosc, id_pytania, id_uzytkownika) VALUES (12, 0, 12, 3);
INSERT INTO odpowiedz_uzytkownika (id_odpowiedzi_uzytkownika, wartosc, id_pytania, id_uzytkownika) VALUES (13, 0, 13, 3);
INSERT INTO odpowiedz_uzytkownika (id_odpowiedzi_uzytkownika, wartosc, id_pytania, id_uzytkownika) VALUES (14, 0, 14, 3);
INSERT INTO odpowiedz_uzytkownika (id_odpowiedzi_uzytkownika, wartosc, id_pytania, id_uzytkownika) VALUES (15, 0, 15, 3);
INSERT INTO odpowiedz_uzytkownika (id_odpowiedzi_uzytkownika, wartosc, id_pytania, id_uzytkownika) VALUES (16, 0, 16, 3);
INSERT INTO odpowiedz_uzytkownika (id_odpowiedzi_uzytkownika, wartosc, id_pytania, id_uzytkownika) VALUES (17, 0, 17, 3);
INSERT INTO odpowiedz_uzytkownika (id_odpowiedzi_uzytkownika, wartosc, id_pytania, id_uzytkownika) VALUES (18, 0, 18, 3);
INSERT INTO odpowiedz_uzytkownika (id_odpowiedzi_uzytkownika, wartosc, id_pytania, id_uzytkownika) VALUES (19, 0, 19, 3);
INSERT INTO odpowiedz_uzytkownika (id_odpowiedzi_uzytkownika, wartosc, id_pytania, id_uzytkownika) VALUES (20, 0, 20, 3);
INSERT INTO odpowiedz_uzytkownika (id_odpowiedzi_uzytkownika, wartosc, id_pytania, id_uzytkownika) VALUES (21, 0, 21, 3);
INSERT INTO odpowiedz_uzytkownika (id_odpowiedzi_uzytkownika, wartosc, id_pytania, id_uzytkownika) VALUES (22, 0, 22, 3);
INSERT INTO odpowiedz_uzytkownika (id_odpowiedzi_uzytkownika, wartosc, id_pytania, id_uzytkownika) VALUES (23, 0, 23, 3);
INSERT INTO odpowiedz_uzytkownika (id_odpowiedzi_uzytkownika, wartosc, id_pytania, id_uzytkownika) VALUES (24, 0, 24, 3);
INSERT INTO odpowiedz_uzytkownika (id_odpowiedzi_uzytkownika, wartosc, id_pytania, id_uzytkownika) VALUES (25, 0, 25, 3);
INSERT INTO odpowiedz_uzytkownika (id_odpowiedzi_uzytkownika, wartosc, id_pytania, id_uzytkownika) VALUES (26, 0, 26, 3);
INSERT INTO odpowiedz_uzytkownika (id_odpowiedzi_uzytkownika, wartosc, id_pytania, id_uzytkownika) VALUES (27, 0, 27, 3);
INSERT INTO odpowiedz_uzytkownika (id_odpowiedzi_uzytkownika, wartosc, id_pytania, id_uzytkownika) VALUES (28, 0, 28, 3);
INSERT INTO odpowiedz_uzytkownika (id_odpowiedzi_uzytkownika, wartosc, id_pytania, id_uzytkownika) VALUES (29, 0, 29, 3);
INSERT INTO odpowiedz_uzytkownika (id_odpowiedzi_uzytkownika, wartosc, id_pytania, id_uzytkownika) VALUES (30, 0, 30, 3);
INSERT INTO odpowiedz_uzytkownika (id_odpowiedzi_uzytkownika, wartosc, id_pytania, id_uzytkownika) VALUES (31, 0, 31, 3);
INSERT INTO odpowiedz_uzytkownika (id_odpowiedzi_uzytkownika, wartosc, id_pytania, id_uzytkownika) VALUES (32, 0, 32, 3);
INSERT INTO odpowiedz_uzytkownika (id_odpowiedzi_uzytkownika, wartosc, id_pytania, id_uzytkownika) VALUES (33, 0, 33, 3);
INSERT INTO odpowiedz_uzytkownika (id_odpowiedzi_uzytkownika, wartosc, id_pytania, id_uzytkownika) VALUES (34, 0, 34, 3);
INSERT INTO odpowiedz_uzytkownika (id_odpowiedzi_uzytkownika, wartosc, id_pytania, id_uzytkownika) VALUES (35, 0, 35, 3);
INSERT INTO odpowiedz_uzytkownika (id_odpowiedzi_uzytkownika, wartosc, id_pytania, id_uzytkownika) VALUES (36, 0, 36, 3);
INSERT INTO odpowiedz_uzytkownika (id_odpowiedzi_uzytkownika, wartosc, id_pytania, id_uzytkownika) VALUES (37, 0, 37, 3);
INSERT INTO odpowiedz_uzytkownika (id_odpowiedzi_uzytkownika, wartosc, id_pytania, id_uzytkownika) VALUES (38, 0, 38, 3);
INSERT INTO odpowiedz_uzytkownika (id_odpowiedzi_uzytkownika, wartosc, id_pytania, id_uzytkownika) VALUES (39, 0, 39, 3);
INSERT INTO odpowiedz_uzytkownika (id_odpowiedzi_uzytkownika, wartosc, id_pytania, id_uzytkownika) VALUES (40, 0, 40, 3);
INSERT INTO odpowiedz_uzytkownika (id_odpowiedzi_uzytkownika, wartosc, id_pytania, id_uzytkownika) VALUES (41, 0, 41, 3);

INSERT INTO wartosc_oczekiwana (id_wartosci_oczekiwanej, wartosc, id_pytania, id_kierunku) VALUES (1,1,1,1);
INSERT INTO wartosc_oczekiwana (id_wartosci_oczekiwanej, wartosc, id_pytania, id_kierunku) VALUES (2,7,2,1);
INSERT INTO wartosc_oczekiwana (id_wartosci_oczekiwanej, wartosc, id_pytania, id_kierunku) VALUES (3,6,3,1);
INSERT INTO wartosc_oczekiwana (id_wartosci_oczekiwanej, wartosc, id_pytania, id_kierunku) VALUES (4,8,4,1);
INSERT INTO wartosc_oczekiwana (id_wartosci_oczekiwanej, wartosc, id_pytania, id_kierunku) VALUES (5,2,5,1);
INSERT INTO wartosc_oczekiwana (id_wartosci_oczekiwanej, wartosc, id_pytania, id_kierunku) VALUES (6,5,6,1);
INSERT INTO wartosc_oczekiwana (id_wartosci_oczekiwanej, wartosc, id_pytania, id_kierunku) VALUES (7,3,7,1);
INSERT INTO wartosc_oczekiwana (id_wartosci_oczekiwanej, wartosc, id_pytania, id_kierunku) VALUES (8,2,8,1);
INSERT INTO wartosc_oczekiwana (id_wartosci_oczekiwanej, wartosc, id_pytania, id_kierunku) VALUES (9,8,9,1);
INSERT INTO wartosc_oczekiwana (id_wartosci_oczekiwanej, wartosc, id_pytania, id_kierunku) VALUES (10,1,10,1);
INSERT INTO wartosc_oczekiwana (id_wartosci_oczekiwanej, wartosc, id_pytania, id_kierunku) VALUES (11,8,11,1);
INSERT INTO wartosc_oczekiwana (id_wartosci_oczekiwanej, wartosc, id_pytania, id_kierunku) VALUES (12,10,12,1);
INSERT INTO wartosc_oczekiwana (id_wartosci_oczekiwanej, wartosc, id_pytania, id_kierunku) VALUES (13,9,13,1);
INSERT INTO wartosc_oczekiwana (id_wartosci_oczekiwanej, wartosc, id_pytania, id_kierunku) VALUES (14,5,14,1);
INSERT INTO wartosc_oczekiwana (id_wartosci_oczekiwanej, wartosc, id_pytania, id_kierunku) VALUES (15,8,15,1);
INSERT INTO wartosc_oczekiwana (id_wartosci_oczekiwanej, wartosc, id_pytania, id_kierunku) VALUES (16,2,16,1);
INSERT INTO wartosc_oczekiwana (id_wartosci_oczekiwanej, wartosc, id_pytania, id_kierunku) VALUES (17,10,17,1);
INSERT INTO wartosc_oczekiwana (id_wartosci_oczekiwanej, wartosc, id_pytania, id_kierunku) VALUES (18,6,18,1);
INSERT INTO wartosc_oczekiwana (id_wartosci_oczekiwanej, wartosc, id_pytania, id_kierunku) VALUES (19,4,19,1);
INSERT INTO wartosc_oczekiwana (id_wartosci_oczekiwanej, wartosc, id_pytania, id_kierunku) VALUES (20,5,20,1);
INSERT INTO wartosc_oczekiwana (id_wartosci_oczekiwanej, wartosc, id_pytania, id_kierunku) VALUES (21,1,21,1);
INSERT INTO wartosc_oczekiwana (id_wartosci_oczekiwanej, wartosc, id_pytania, id_kierunku) VALUES (22,6,22,1);
INSERT INTO wartosc_oczekiwana (id_wartosci_oczekiwanej, wartosc, id_pytania, id_kierunku) VALUES (23,2,23,1);
INSERT INTO wartosc_oczekiwana (id_wartosci_oczekiwanej, wartosc, id_pytania, id_kierunku) VALUES (24,3,24,1);
INSERT INTO wartosc_oczekiwana (id_wartosci_oczekiwanej, wartosc, id_pytania, id_kierunku) VALUES (25,7,25,1);
INSERT INTO wartosc_oczekiwana (id_wartosci_oczekiwanej, wartosc, id_pytania, id_kierunku) VALUES (26,3,26,1);
INSERT INTO wartosc_oczekiwana (id_wartosci_oczekiwanej, wartosc, id_pytania, id_kierunku) VALUES (27,2,27,1);
INSERT INTO wartosc_oczekiwana (id_wartosci_oczekiwanej, wartosc, id_pytania, id_kierunku) VALUES (28,6,28,1);
INSERT INTO wartosc_oczekiwana (id_wartosci_oczekiwanej, wartosc, id_pytania, id_kierunku) VALUES (29,5,29,1);
INSERT INTO wartosc_oczekiwana (id_wartosci_oczekiwanej, wartosc, id_pytania, id_kierunku) VALUES (30,2,30,1);
INSERT INTO wartosc_oczekiwana (id_wartosci_oczekiwanej, wartosc, id_pytania, id_kierunku) VALUES (31,5,31,1);
INSERT INTO wartosc_oczekiwana (id_wartosci_oczekiwanej, wartosc, id_pytania, id_kierunku) VALUES (32,7,32,1);
INSERT INTO wartosc_oczekiwana (id_wartosci_oczekiwanej, wartosc, id_pytania, id_kierunku) VALUES (33,1,33,1);
INSERT INTO wartosc_oczekiwana (id_wartosci_oczekiwanej, wartosc, id_pytania, id_kierunku) VALUES (34,4,34,1);
INSERT INTO wartosc_oczekiwana (id_wartosci_oczekiwanej, wartosc, id_pytania, id_kierunku) VALUES (35,8,35,1);
INSERT INTO wartosc_oczekiwana (id_wartosci_oczekiwanej, wartosc, id_pytania, id_kierunku) VALUES (36,9,36,1);
INSERT INTO wartosc_oczekiwana (id_wartosci_oczekiwanej, wartosc, id_pytania, id_kierunku) VALUES (37,5,37,1);
INSERT INTO wartosc_oczekiwana (id_wartosci_oczekiwanej, wartosc, id_pytania, id_kierunku) VALUES (38,6,38,1);
INSERT INTO wartosc_oczekiwana (id_wartosci_oczekiwanej, wartosc, id_pytania, id_kierunku) VALUES (39,4,39,1);
INSERT INTO wartosc_oczekiwana (id_wartosci_oczekiwanej, wartosc, id_pytania, id_kierunku) VALUES (40,2,40,1);
INSERT INTO wartosc_oczekiwana (id_wartosci_oczekiwanej, wartosc, id_pytania, id_kierunku) VALUES (41,4,41,1);
INSERT INTO wartosc_oczekiwana (id_wartosci_oczekiwanej, wartosc, id_pytania, id_kierunku) VALUES (42,7,1,2);
INSERT INTO wartosc_oczekiwana (id_wartosci_oczekiwanej, wartosc, id_pytania, id_kierunku) VALUES (43,1,2,2);
INSERT INTO wartosc_oczekiwana (id_wartosci_oczekiwanej, wartosc, id_pytania, id_kierunku) VALUES (44,6,3,2);
INSERT INTO wartosc_oczekiwana (id_wartosci_oczekiwanej, wartosc, id_pytania, id_kierunku) VALUES (45,1,4,2);
INSERT INTO wartosc_oczekiwana (id_wartosci_oczekiwanej, wartosc, id_pytania, id_kierunku) VALUES (46,1,5,2);
INSERT INTO wartosc_oczekiwana (id_wartosci_oczekiwanej, wartosc, id_pytania, id_kierunku) VALUES (47,1,6,2);
INSERT INTO wartosc_oczekiwana (id_wartosci_oczekiwanej, wartosc, id_pytania, id_kierunku) VALUES (48,6,7,2);
INSERT INTO wartosc_oczekiwana (id_wartosci_oczekiwanej, wartosc, id_pytania, id_kierunku) VALUES (49,2,8,2);
INSERT INTO wartosc_oczekiwana (id_wartosci_oczekiwanej, wartosc, id_pytania, id_kierunku) VALUES (50,8,9,2);
INSERT INTO wartosc_oczekiwana (id_wartosci_oczekiwanej, wartosc, id_pytania, id_kierunku) VALUES (51,3,10,2);
INSERT INTO wartosc_oczekiwana (id_wartosci_oczekiwanej, wartosc, id_pytania, id_kierunku) VALUES (52,9,11,2);
INSERT INTO wartosc_oczekiwana (id_wartosci_oczekiwanej, wartosc, id_pytania, id_kierunku) VALUES (53,2,12,2);
INSERT INTO wartosc_oczekiwana (id_wartosci_oczekiwanej, wartosc, id_pytania, id_kierunku) VALUES (54,8,13,2);
INSERT INTO wartosc_oczekiwana (id_wartosci_oczekiwanej, wartosc, id_pytania, id_kierunku) VALUES (55,1,14,2);
INSERT INTO wartosc_oczekiwana (id_wartosci_oczekiwanej, wartosc, id_pytania, id_kierunku) VALUES (56,4,15,2);
INSERT INTO wartosc_oczekiwana (id_wartosci_oczekiwanej, wartosc, id_pytania, id_kierunku) VALUES (57,5,16,2);
INSERT INTO wartosc_oczekiwana (id_wartosci_oczekiwanej, wartosc, id_pytania, id_kierunku) VALUES (58,8,17,2);
INSERT INTO wartosc_oczekiwana (id_wartosci_oczekiwanej, wartosc, id_pytania, id_kierunku) VALUES (59,2,18,2);
INSERT INTO wartosc_oczekiwana (id_wartosci_oczekiwanej, wartosc, id_pytania, id_kierunku) VALUES (60,3,19,2);
INSERT INTO wartosc_oczekiwana (id_wartosci_oczekiwanej, wartosc, id_pytania, id_kierunku) VALUES (61,6,20,2);
INSERT INTO wartosc_oczekiwana (id_wartosci_oczekiwanej, wartosc, id_pytania, id_kierunku) VALUES (62,2,21,2);
INSERT INTO wartosc_oczekiwana (id_wartosci_oczekiwanej, wartosc, id_pytania, id_kierunku) VALUES (63,9,22,2);
INSERT INTO wartosc_oczekiwana (id_wartosci_oczekiwanej, wartosc, id_pytania, id_kierunku) VALUES (64,2,23,2);
INSERT INTO wartosc_oczekiwana (id_wartosci_oczekiwanej, wartosc, id_pytania, id_kierunku) VALUES (65,9,24,2);
INSERT INTO wartosc_oczekiwana (id_wartosci_oczekiwanej, wartosc, id_pytania, id_kierunku) VALUES (66,7,25,2);
INSERT INTO wartosc_oczekiwana (id_wartosci_oczekiwanej, wartosc, id_pytania, id_kierunku) VALUES (67,10,26,2);
INSERT INTO wartosc_oczekiwana (id_wartosci_oczekiwanej, wartosc, id_pytania, id_kierunku) VALUES (68,1,27,2);
INSERT INTO wartosc_oczekiwana (id_wartosci_oczekiwanej, wartosc, id_pytania, id_kierunku) VALUES (69,7,28,2);
INSERT INTO wartosc_oczekiwana (id_wartosci_oczekiwanej, wartosc, id_pytania, id_kierunku) VALUES (70,10,29,2);
INSERT INTO wartosc_oczekiwana (id_wartosci_oczekiwanej, wartosc, id_pytania, id_kierunku) VALUES (71,4,30,2);
INSERT INTO wartosc_oczekiwana (id_wartosci_oczekiwanej, wartosc, id_pytania, id_kierunku) VALUES (72,6,31,2);
INSERT INTO wartosc_oczekiwana (id_wartosci_oczekiwanej, wartosc, id_pytania, id_kierunku) VALUES (73,4,32,2);
INSERT INTO wartosc_oczekiwana (id_wartosci_oczekiwanej, wartosc, id_pytania, id_kierunku) VALUES (74,10,33,2);
INSERT INTO wartosc_oczekiwana (id_wartosci_oczekiwanej, wartosc, id_pytania, id_kierunku) VALUES (75,8,34,2);
INSERT INTO wartosc_oczekiwana (id_wartosci_oczekiwanej, wartosc, id_pytania, id_kierunku) VALUES (76,1,35,2);
INSERT INTO wartosc_oczekiwana (id_wartosci_oczekiwanej, wartosc, id_pytania, id_kierunku) VALUES (77,6,36,2);
INSERT INTO wartosc_oczekiwana (id_wartosci_oczekiwanej, wartosc, id_pytania, id_kierunku) VALUES (78,2,37,2);
INSERT INTO wartosc_oczekiwana (id_wartosci_oczekiwanej, wartosc, id_pytania, id_kierunku) VALUES (79,8,38,2);
INSERT INTO wartosc_oczekiwana (id_wartosci_oczekiwanej, wartosc, id_pytania, id_kierunku) VALUES (80,2,39,2);
INSERT INTO wartosc_oczekiwana (id_wartosci_oczekiwanej, wartosc, id_pytania, id_kierunku) VALUES (81,9,40,2);
INSERT INTO wartosc_oczekiwana (id_wartosci_oczekiwanej, wartosc, id_pytania, id_kierunku) VALUES (82,4,41,2);
INSERT INTO wartosc_oczekiwana (id_wartosci_oczekiwanej, wartosc, id_pytania, id_kierunku) VALUES (83,8,1,3);
INSERT INTO wartosc_oczekiwana (id_wartosci_oczekiwanej, wartosc, id_pytania, id_kierunku) VALUES (84,1,2,3);
INSERT INTO wartosc_oczekiwana (id_wartosci_oczekiwanej, wartosc, id_pytania, id_kierunku) VALUES (85,7,3,3);
INSERT INTO wartosc_oczekiwana (id_wartosci_oczekiwanej, wartosc, id_pytania, id_kierunku) VALUES (86,7,4,3);
INSERT INTO wartosc_oczekiwana (id_wartosci_oczekiwanej, wartosc, id_pytania, id_kierunku) VALUES (87,3,5,3);
INSERT INTO wartosc_oczekiwana (id_wartosci_oczekiwanej, wartosc, id_pytania, id_kierunku) VALUES (88,10,6,3);
INSERT INTO wartosc_oczekiwana (id_wartosci_oczekiwanej, wartosc, id_pytania, id_kierunku) VALUES (89,6,7,3);
INSERT INTO wartosc_oczekiwana (id_wartosci_oczekiwanej, wartosc, id_pytania, id_kierunku) VALUES (90,4,8,3);
INSERT INTO wartosc_oczekiwana (id_wartosci_oczekiwanej, wartosc, id_pytania, id_kierunku) VALUES (91,8,9,3);
INSERT INTO wartosc_oczekiwana (id_wartosci_oczekiwanej, wartosc, id_pytania, id_kierunku) VALUES (92,2,10,3);
INSERT INTO wartosc_oczekiwana (id_wartosci_oczekiwanej, wartosc, id_pytania, id_kierunku) VALUES (93,7,11,3);
INSERT INTO wartosc_oczekiwana (id_wartosci_oczekiwanej, wartosc, id_pytania, id_kierunku) VALUES (94,5,12,3);
INSERT INTO wartosc_oczekiwana (id_wartosci_oczekiwanej, wartosc, id_pytania, id_kierunku) VALUES (95,3,13,3);
INSERT INTO wartosc_oczekiwana (id_wartosci_oczekiwanej, wartosc, id_pytania, id_kierunku) VALUES (96,10,14,3);
INSERT INTO wartosc_oczekiwana (id_wartosci_oczekiwanej, wartosc, id_pytania, id_kierunku) VALUES (97,1,15,3);
INSERT INTO wartosc_oczekiwana (id_wartosci_oczekiwanej, wartosc, id_pytania, id_kierunku) VALUES (98,5,16,3);
INSERT INTO wartosc_oczekiwana (id_wartosci_oczekiwanej, wartosc, id_pytania, id_kierunku) VALUES (99,1,17,3);
INSERT INTO wartosc_oczekiwana (id_wartosci_oczekiwanej, wartosc, id_pytania, id_kierunku) VALUES (100,5,18,3);
INSERT INTO wartosc_oczekiwana (id_wartosci_oczekiwanej, wartosc, id_pytania, id_kierunku) VALUES (101,4,19,3);
INSERT INTO wartosc_oczekiwana (id_wartosci_oczekiwanej, wartosc, id_pytania, id_kierunku) VALUES (102,3,20,3);
INSERT INTO wartosc_oczekiwana (id_wartosci_oczekiwanej, wartosc, id_pytania, id_kierunku) VALUES (103,7,21,3);
INSERT INTO wartosc_oczekiwana (id_wartosci_oczekiwanej, wartosc, id_pytania, id_kierunku) VALUES (104,5,22,3);
INSERT INTO wartosc_oczekiwana (id_wartosci_oczekiwanej, wartosc, id_pytania, id_kierunku) VALUES (105,10,23,3);
INSERT INTO wartosc_oczekiwana (id_wartosci_oczekiwanej, wartosc, id_pytania, id_kierunku) VALUES (106,5,24,3);
INSERT INTO wartosc_oczekiwana (id_wartosci_oczekiwanej, wartosc, id_pytania, id_kierunku) VALUES (107,6,25,3);
INSERT INTO wartosc_oczekiwana (id_wartosci_oczekiwanej, wartosc, id_pytania, id_kierunku) VALUES (108,1,26,3);
INSERT INTO wartosc_oczekiwana (id_wartosci_oczekiwanej, wartosc, id_pytania, id_kierunku) VALUES (109,2,27,3);
INSERT INTO wartosc_oczekiwana (id_wartosci_oczekiwanej, wartosc, id_pytania, id_kierunku) VALUES (110,8,28,3);
INSERT INTO wartosc_oczekiwana (id_wartosci_oczekiwanej, wartosc, id_pytania, id_kierunku) VALUES (111,5,29,3);
INSERT INTO wartosc_oczekiwana (id_wartosci_oczekiwanej, wartosc, id_pytania, id_kierunku) VALUES (112,9,30,3);
INSERT INTO wartosc_oczekiwana (id_wartosci_oczekiwanej, wartosc, id_pytania, id_kierunku) VALUES (113,7,31,3);
INSERT INTO wartosc_oczekiwana (id_wartosci_oczekiwanej, wartosc, id_pytania, id_kierunku) VALUES (114,3,32,3);
INSERT INTO wartosc_oczekiwana (id_wartosci_oczekiwanej, wartosc, id_pytania, id_kierunku) VALUES (115,2,33,3);
INSERT INTO wartosc_oczekiwana (id_wartosci_oczekiwanej, wartosc, id_pytania, id_kierunku) VALUES (116,5,34,3);
INSERT INTO wartosc_oczekiwana (id_wartosci_oczekiwanej, wartosc, id_pytania, id_kierunku) VALUES (117,4,35,3);
INSERT INTO wartosc_oczekiwana (id_wartosci_oczekiwanej, wartosc, id_pytania, id_kierunku) VALUES (118,10,36,3);
INSERT INTO wartosc_oczekiwana (id_wartosci_oczekiwanej, wartosc, id_pytania, id_kierunku) VALUES (119,2,37,3);
INSERT INTO wartosc_oczekiwana (id_wartosci_oczekiwanej, wartosc, id_pytania, id_kierunku) VALUES (120,10,38,3);
INSERT INTO wartosc_oczekiwana (id_wartosci_oczekiwanej, wartosc, id_pytania, id_kierunku) VALUES (121,9,39,3);
INSERT INTO wartosc_oczekiwana (id_wartosci_oczekiwanej, wartosc, id_pytania, id_kierunku) VALUES (122,10,40,3);
INSERT INTO wartosc_oczekiwana (id_wartosci_oczekiwanej, wartosc, id_pytania, id_kierunku) VALUES (123,1,41,3);
INSERT INTO wartosc_oczekiwana (id_wartosci_oczekiwanej, wartosc, id_pytania, id_kierunku) VALUES (124,3,1,4);
INSERT INTO wartosc_oczekiwana (id_wartosci_oczekiwanej, wartosc, id_pytania, id_kierunku) VALUES (125,3,2,4);
INSERT INTO wartosc_oczekiwana (id_wartosci_oczekiwanej, wartosc, id_pytania, id_kierunku) VALUES (126,2,3,4);
INSERT INTO wartosc_oczekiwana (id_wartosci_oczekiwanej, wartosc, id_pytania, id_kierunku) VALUES (127,6,4,4);
INSERT INTO wartosc_oczekiwana (id_wartosci_oczekiwanej, wartosc, id_pytania, id_kierunku) VALUES (128,5,5,4);
INSERT INTO wartosc_oczekiwana (id_wartosci_oczekiwanej, wartosc, id_pytania, id_kierunku) VALUES (129,5,6,4);
INSERT INTO wartosc_oczekiwana (id_wartosci_oczekiwanej, wartosc, id_pytania, id_kierunku) VALUES (130,9,7,4);
INSERT INTO wartosc_oczekiwana (id_wartosci_oczekiwanej, wartosc, id_pytania, id_kierunku) VALUES (131,6,8,4);
INSERT INTO wartosc_oczekiwana (id_wartosci_oczekiwanej, wartosc, id_pytania, id_kierunku) VALUES (132,2,9,4);
INSERT INTO wartosc_oczekiwana (id_wartosci_oczekiwanej, wartosc, id_pytania, id_kierunku) VALUES (133,8,10,4);
INSERT INTO wartosc_oczekiwana (id_wartosci_oczekiwanej, wartosc, id_pytania, id_kierunku) VALUES (134,1,11,4);
INSERT INTO wartosc_oczekiwana (id_wartosci_oczekiwanej, wartosc, id_pytania, id_kierunku) VALUES (135,10,12,4);
INSERT INTO wartosc_oczekiwana (id_wartosci_oczekiwanej, wartosc, id_pytania, id_kierunku) VALUES (136,4,13,4);
INSERT INTO wartosc_oczekiwana (id_wartosci_oczekiwanej, wartosc, id_pytania, id_kierunku) VALUES (137,10,14,4);
INSERT INTO wartosc_oczekiwana (id_wartosci_oczekiwanej, wartosc, id_pytania, id_kierunku) VALUES (138,9,15,4);
INSERT INTO wartosc_oczekiwana (id_wartosci_oczekiwanej, wartosc, id_pytania, id_kierunku) VALUES (139,2,16,4);
INSERT INTO wartosc_oczekiwana (id_wartosci_oczekiwanej, wartosc, id_pytania, id_kierunku) VALUES (140,1,17,4);
INSERT INTO wartosc_oczekiwana (id_wartosci_oczekiwanej, wartosc, id_pytania, id_kierunku) VALUES (141,5,18,4);
INSERT INTO wartosc_oczekiwana (id_wartosci_oczekiwanej, wartosc, id_pytania, id_kierunku) VALUES (142,7,19,4);
INSERT INTO wartosc_oczekiwana (id_wartosci_oczekiwanej, wartosc, id_pytania, id_kierunku) VALUES (143,1,20,4);
INSERT INTO wartosc_oczekiwana (id_wartosci_oczekiwanej, wartosc, id_pytania, id_kierunku) VALUES (144,1,21,4);
INSERT INTO wartosc_oczekiwana (id_wartosci_oczekiwanej, wartosc, id_pytania, id_kierunku) VALUES (145,1,22,4);
INSERT INTO wartosc_oczekiwana (id_wartosci_oczekiwanej, wartosc, id_pytania, id_kierunku) VALUES (146,9,23,4);
INSERT INTO wartosc_oczekiwana (id_wartosci_oczekiwanej, wartosc, id_pytania, id_kierunku) VALUES (147,3,24,4);
INSERT INTO wartosc_oczekiwana (id_wartosci_oczekiwanej, wartosc, id_pytania, id_kierunku) VALUES (148,8,25,4);
INSERT INTO wartosc_oczekiwana (id_wartosci_oczekiwanej, wartosc, id_pytania, id_kierunku) VALUES (149,3,26,4);
INSERT INTO wartosc_oczekiwana (id_wartosci_oczekiwanej, wartosc, id_pytania, id_kierunku) VALUES (150,10,27,4);
INSERT INTO wartosc_oczekiwana (id_wartosci_oczekiwanej, wartosc, id_pytania, id_kierunku) VALUES (151,1,28,4);
INSERT INTO wartosc_oczekiwana (id_wartosci_oczekiwanej, wartosc, id_pytania, id_kierunku) VALUES (152,3,29,4);
INSERT INTO wartosc_oczekiwana (id_wartosci_oczekiwanej, wartosc, id_pytania, id_kierunku) VALUES (153,4,30,4);
INSERT INTO wartosc_oczekiwana (id_wartosci_oczekiwanej, wartosc, id_pytania, id_kierunku) VALUES (154,3,31,4);
INSERT INTO wartosc_oczekiwana (id_wartosci_oczekiwanej, wartosc, id_pytania, id_kierunku) VALUES (155,5,32,4);
INSERT INTO wartosc_oczekiwana (id_wartosci_oczekiwanej, wartosc, id_pytania, id_kierunku) VALUES (156,3,33,4);
INSERT INTO wartosc_oczekiwana (id_wartosci_oczekiwanej, wartosc, id_pytania, id_kierunku) VALUES (157,5,34,4);
INSERT INTO wartosc_oczekiwana (id_wartosci_oczekiwanej, wartosc, id_pytania, id_kierunku) VALUES (158,2,35,4);
INSERT INTO wartosc_oczekiwana (id_wartosci_oczekiwanej, wartosc, id_pytania, id_kierunku) VALUES (159,10,36,4);
INSERT INTO wartosc_oczekiwana (id_wartosci_oczekiwanej, wartosc, id_pytania, id_kierunku) VALUES (160,6,37,4);
INSERT INTO wartosc_oczekiwana (id_wartosci_oczekiwanej, wartosc, id_pytania, id_kierunku) VALUES (161,9,38,4);
INSERT INTO wartosc_oczekiwana (id_wartosci_oczekiwanej, wartosc, id_pytania, id_kierunku) VALUES (162,3,39,4);
INSERT INTO wartosc_oczekiwana (id_wartosci_oczekiwanej, wartosc, id_pytania, id_kierunku) VALUES (163,9,40,4);
INSERT INTO wartosc_oczekiwana (id_wartosci_oczekiwanej, wartosc, id_pytania, id_kierunku) VALUES (164,4,41,4);
INSERT INTO wartosc_oczekiwana (id_wartosci_oczekiwanej, wartosc, id_pytania, id_kierunku) VALUES (165,8,1,5);
INSERT INTO wartosc_oczekiwana (id_wartosci_oczekiwanej, wartosc, id_pytania, id_kierunku) VALUES (166,6,2,5);
INSERT INTO wartosc_oczekiwana (id_wartosci_oczekiwanej, wartosc, id_pytania, id_kierunku) VALUES (167,7,3,5);
INSERT INTO wartosc_oczekiwana (id_wartosci_oczekiwanej, wartosc, id_pytania, id_kierunku) VALUES (168,1,4,5);
INSERT INTO wartosc_oczekiwana (id_wartosci_oczekiwanej, wartosc, id_pytania, id_kierunku) VALUES (169,8,5,5);
INSERT INTO wartosc_oczekiwana (id_wartosci_oczekiwanej, wartosc, id_pytania, id_kierunku) VALUES (170,10,6,5);
INSERT INTO wartosc_oczekiwana (id_wartosci_oczekiwanej, wartosc, id_pytania, id_kierunku) VALUES (171,1,7,5);
INSERT INTO wartosc_oczekiwana (id_wartosci_oczekiwanej, wartosc, id_pytania, id_kierunku) VALUES (172,1,8,5);
INSERT INTO wartosc_oczekiwana (id_wartosci_oczekiwanej, wartosc, id_pytania, id_kierunku) VALUES (173,6,9,5);
INSERT INTO wartosc_oczekiwana (id_wartosci_oczekiwanej, wartosc, id_pytania, id_kierunku) VALUES (174,1,10,5);
INSERT INTO wartosc_oczekiwana (id_wartosci_oczekiwanej, wartosc, id_pytania, id_kierunku) VALUES (175,1,11,5);
INSERT INTO wartosc_oczekiwana (id_wartosci_oczekiwanej, wartosc, id_pytania, id_kierunku) VALUES (176,8,12,5);
INSERT INTO wartosc_oczekiwana (id_wartosci_oczekiwanej, wartosc, id_pytania, id_kierunku) VALUES (177,3,13,5);
INSERT INTO wartosc_oczekiwana (id_wartosci_oczekiwanej, wartosc, id_pytania, id_kierunku) VALUES (178,8,14,5);
INSERT INTO wartosc_oczekiwana (id_wartosci_oczekiwanej, wartosc, id_pytania, id_kierunku) VALUES (179,4,15,5);
INSERT INTO wartosc_oczekiwana (id_wartosci_oczekiwanej, wartosc, id_pytania, id_kierunku) VALUES (180,9,16,5);
INSERT INTO wartosc_oczekiwana (id_wartosci_oczekiwanej, wartosc, id_pytania, id_kierunku) VALUES (181,7,17,5);
INSERT INTO wartosc_oczekiwana (id_wartosci_oczekiwanej, wartosc, id_pytania, id_kierunku) VALUES (182,5,18,5);
INSERT INTO wartosc_oczekiwana (id_wartosci_oczekiwanej, wartosc, id_pytania, id_kierunku) VALUES (183,1,19,5);
INSERT INTO wartosc_oczekiwana (id_wartosci_oczekiwanej, wartosc, id_pytania, id_kierunku) VALUES (184,2,20,5);
INSERT INTO wartosc_oczekiwana (id_wartosci_oczekiwanej, wartosc, id_pytania, id_kierunku) VALUES (185,9,21,5);
INSERT INTO wartosc_oczekiwana (id_wartosci_oczekiwanej, wartosc, id_pytania, id_kierunku) VALUES (186,3,22,5);
INSERT INTO wartosc_oczekiwana (id_wartosci_oczekiwanej, wartosc, id_pytania, id_kierunku) VALUES (187,9,23,5);
INSERT INTO wartosc_oczekiwana (id_wartosci_oczekiwanej, wartosc, id_pytania, id_kierunku) VALUES (188,6,24,5);
INSERT INTO wartosc_oczekiwana (id_wartosci_oczekiwanej, wartosc, id_pytania, id_kierunku) VALUES (189,3,25,5);
INSERT INTO wartosc_oczekiwana (id_wartosci_oczekiwanej, wartosc, id_pytania, id_kierunku) VALUES (190,5,26,5);
INSERT INTO wartosc_oczekiwana (id_wartosci_oczekiwanej, wartosc, id_pytania, id_kierunku) VALUES (191,9,27,5);
INSERT INTO wartosc_oczekiwana (id_wartosci_oczekiwanej, wartosc, id_pytania, id_kierunku) VALUES (192,4,28,5);
INSERT INTO wartosc_oczekiwana (id_wartosci_oczekiwanej, wartosc, id_pytania, id_kierunku) VALUES (193,7,29,5);
INSERT INTO wartosc_oczekiwana (id_wartosci_oczekiwanej, wartosc, id_pytania, id_kierunku) VALUES (194,4,30,5);
INSERT INTO wartosc_oczekiwana (id_wartosci_oczekiwanej, wartosc, id_pytania, id_kierunku) VALUES (195,2,31,5);
INSERT INTO wartosc_oczekiwana (id_wartosci_oczekiwanej, wartosc, id_pytania, id_kierunku) VALUES (196,10,32,5);
INSERT INTO wartosc_oczekiwana (id_wartosci_oczekiwanej, wartosc, id_pytania, id_kierunku) VALUES (197,6,33,5);
INSERT INTO wartosc_oczekiwana (id_wartosci_oczekiwanej, wartosc, id_pytania, id_kierunku) VALUES (198,9,34,5);
INSERT INTO wartosc_oczekiwana (id_wartosci_oczekiwanej, wartosc, id_pytania, id_kierunku) VALUES (199,1,35,5);
INSERT INTO wartosc_oczekiwana (id_wartosci_oczekiwanej, wartosc, id_pytania, id_kierunku) VALUES (200,1,36,5);
INSERT INTO wartosc_oczekiwana (id_wartosci_oczekiwanej, wartosc, id_pytania, id_kierunku) VALUES (201,8,37,5);
INSERT INTO wartosc_oczekiwana (id_wartosci_oczekiwanej, wartosc, id_pytania, id_kierunku) VALUES (202,6,38,5);
INSERT INTO wartosc_oczekiwana (id_wartosci_oczekiwanej, wartosc, id_pytania, id_kierunku) VALUES (203,6,39,5);
INSERT INTO wartosc_oczekiwana (id_wartosci_oczekiwanej, wartosc, id_pytania, id_kierunku) VALUES (204,7,40,5);
INSERT INTO wartosc_oczekiwana (id_wartosci_oczekiwanej, wartosc, id_pytania, id_kierunku) VALUES (205,7,41,5);
INSERT INTO wartosc_oczekiwana (id_wartosci_oczekiwanej, wartosc, id_pytania, id_kierunku) VALUES (206,9,1,6);
INSERT INTO wartosc_oczekiwana (id_wartosci_oczekiwanej, wartosc, id_pytania, id_kierunku) VALUES (207,4,2,6);
INSERT INTO wartosc_oczekiwana (id_wartosci_oczekiwanej, wartosc, id_pytania, id_kierunku) VALUES (208,5,3,6);
INSERT INTO wartosc_oczekiwana (id_wartosci_oczekiwanej, wartosc, id_pytania, id_kierunku) VALUES (209,5,4,6);
INSERT INTO wartosc_oczekiwana (id_wartosci_oczekiwanej, wartosc, id_pytania, id_kierunku) VALUES (210,8,5,6);
INSERT INTO wartosc_oczekiwana (id_wartosci_oczekiwanej, wartosc, id_pytania, id_kierunku) VALUES (211,10,6,6);
INSERT INTO wartosc_oczekiwana (id_wartosci_oczekiwanej, wartosc, id_pytania, id_kierunku) VALUES (212,4,7,6);
INSERT INTO wartosc_oczekiwana (id_wartosci_oczekiwanej, wartosc, id_pytania, id_kierunku) VALUES (213,6,8,6);
INSERT INTO wartosc_oczekiwana (id_wartosci_oczekiwanej, wartosc, id_pytania, id_kierunku) VALUES (214,9,9,6);
INSERT INTO wartosc_oczekiwana (id_wartosci_oczekiwanej, wartosc, id_pytania, id_kierunku) VALUES (215,6,10,6);
INSERT INTO wartosc_oczekiwana (id_wartosci_oczekiwanej, wartosc, id_pytania, id_kierunku) VALUES (216,8,11,6);
INSERT INTO wartosc_oczekiwana (id_wartosci_oczekiwanej, wartosc, id_pytania, id_kierunku) VALUES (217,10,12,6);
INSERT INTO wartosc_oczekiwana (id_wartosci_oczekiwanej, wartosc, id_pytania, id_kierunku) VALUES (218,4,13,6);
INSERT INTO wartosc_oczekiwana (id_wartosci_oczekiwanej, wartosc, id_pytania, id_kierunku) VALUES (219,10,14,6);
INSERT INTO wartosc_oczekiwana (id_wartosci_oczekiwanej, wartosc, id_pytania, id_kierunku) VALUES (220,4,15,6);
INSERT INTO wartosc_oczekiwana (id_wartosci_oczekiwanej, wartosc, id_pytania, id_kierunku) VALUES (221,10,16,6);
INSERT INTO wartosc_oczekiwana (id_wartosci_oczekiwanej, wartosc, id_pytania, id_kierunku) VALUES (222,7,17,6);
INSERT INTO wartosc_oczekiwana (id_wartosci_oczekiwanej, wartosc, id_pytania, id_kierunku) VALUES (223,6,18,6);
INSERT INTO wartosc_oczekiwana (id_wartosci_oczekiwanej, wartosc, id_pytania, id_kierunku) VALUES (224,10,19,6);
INSERT INTO wartosc_oczekiwana (id_wartosci_oczekiwanej, wartosc, id_pytania, id_kierunku) VALUES (225,2,20,6);
INSERT INTO wartosc_oczekiwana (id_wartosci_oczekiwanej, wartosc, id_pytania, id_kierunku) VALUES (226,6,21,6);
INSERT INTO wartosc_oczekiwana (id_wartosci_oczekiwanej, wartosc, id_pytania, id_kierunku) VALUES (227,2,22,6);
INSERT INTO wartosc_oczekiwana (id_wartosci_oczekiwanej, wartosc, id_pytania, id_kierunku) VALUES (228,8,23,6);
INSERT INTO wartosc_oczekiwana (id_wartosci_oczekiwanej, wartosc, id_pytania, id_kierunku) VALUES (229,7,24,6);
INSERT INTO wartosc_oczekiwana (id_wartosci_oczekiwanej, wartosc, id_pytania, id_kierunku) VALUES (230,4,25,6);
INSERT INTO wartosc_oczekiwana (id_wartosci_oczekiwanej, wartosc, id_pytania, id_kierunku) VALUES (231,4,26,6);
INSERT INTO wartosc_oczekiwana (id_wartosci_oczekiwanej, wartosc, id_pytania, id_kierunku) VALUES (232,3,27,6);
INSERT INTO wartosc_oczekiwana (id_wartosci_oczekiwanej, wartosc, id_pytania, id_kierunku) VALUES (233,6,28,6);
INSERT INTO wartosc_oczekiwana (id_wartosci_oczekiwanej, wartosc, id_pytania, id_kierunku) VALUES (234,7,29,6);
INSERT INTO wartosc_oczekiwana (id_wartosci_oczekiwanej, wartosc, id_pytania, id_kierunku) VALUES (235,6,30,6);
INSERT INTO wartosc_oczekiwana (id_wartosci_oczekiwanej, wartosc, id_pytania, id_kierunku) VALUES (236,6,31,6);
INSERT INTO wartosc_oczekiwana (id_wartosci_oczekiwanej, wartosc, id_pytania, id_kierunku) VALUES (237,2,32,6);
INSERT INTO wartosc_oczekiwana (id_wartosci_oczekiwanej, wartosc, id_pytania, id_kierunku) VALUES (238,4,33,6);
INSERT INTO wartosc_oczekiwana (id_wartosci_oczekiwanej, wartosc, id_pytania, id_kierunku) VALUES (239,3,34,6);
INSERT INTO wartosc_oczekiwana (id_wartosci_oczekiwanej, wartosc, id_pytania, id_kierunku) VALUES (240,7,35,6);
INSERT INTO wartosc_oczekiwana (id_wartosci_oczekiwanej, wartosc, id_pytania, id_kierunku) VALUES (241,8,36,6);
INSERT INTO wartosc_oczekiwana (id_wartosci_oczekiwanej, wartosc, id_pytania, id_kierunku) VALUES (242,3,37,6);
INSERT INTO wartosc_oczekiwana (id_wartosci_oczekiwanej, wartosc, id_pytania, id_kierunku) VALUES (243,8,38,6);
INSERT INTO wartosc_oczekiwana (id_wartosci_oczekiwanej, wartosc, id_pytania, id_kierunku) VALUES (244,7,39,6);
INSERT INTO wartosc_oczekiwana (id_wartosci_oczekiwanej, wartosc, id_pytania, id_kierunku) VALUES (245,6,40,6);
INSERT INTO wartosc_oczekiwana (id_wartosci_oczekiwanej, wartosc, id_pytania, id_kierunku) VALUES (246,8,41,6);
INSERT INTO wartosc_oczekiwana (id_wartosci_oczekiwanej, wartosc, id_pytania, id_kierunku) VALUES (247,10,1,7);
INSERT INTO wartosc_oczekiwana (id_wartosci_oczekiwanej, wartosc, id_pytania, id_kierunku) VALUES (248,3,2,7);
INSERT INTO wartosc_oczekiwana (id_wartosci_oczekiwanej, wartosc, id_pytania, id_kierunku) VALUES (249,5,3,7);
INSERT INTO wartosc_oczekiwana (id_wartosci_oczekiwanej, wartosc, id_pytania, id_kierunku) VALUES (250,5,4,7);
INSERT INTO wartosc_oczekiwana (id_wartosci_oczekiwanej, wartosc, id_pytania, id_kierunku) VALUES (251,9,5,7);
INSERT INTO wartosc_oczekiwana (id_wartosci_oczekiwanej, wartosc, id_pytania, id_kierunku) VALUES (252,9,6,7);
INSERT INTO wartosc_oczekiwana (id_wartosci_oczekiwanej, wartosc, id_pytania, id_kierunku) VALUES (253,8,7,7);
INSERT INTO wartosc_oczekiwana (id_wartosci_oczekiwanej, wartosc, id_pytania, id_kierunku) VALUES (254,6,8,7);
INSERT INTO wartosc_oczekiwana (id_wartosci_oczekiwanej, wartosc, id_pytania, id_kierunku) VALUES (255,5,9,7);
INSERT INTO wartosc_oczekiwana (id_wartosci_oczekiwanej, wartosc, id_pytania, id_kierunku) VALUES (256,2,10,7);
INSERT INTO wartosc_oczekiwana (id_wartosci_oczekiwanej, wartosc, id_pytania, id_kierunku) VALUES (257,6,11,7);
INSERT INTO wartosc_oczekiwana (id_wartosci_oczekiwanej, wartosc, id_pytania, id_kierunku) VALUES (258,1,12,7);
INSERT INTO wartosc_oczekiwana (id_wartosci_oczekiwanej, wartosc, id_pytania, id_kierunku) VALUES (259,7,13,7);
INSERT INTO wartosc_oczekiwana (id_wartosci_oczekiwanej, wartosc, id_pytania, id_kierunku) VALUES (260,3,14,7);
INSERT INTO wartosc_oczekiwana (id_wartosci_oczekiwanej, wartosc, id_pytania, id_kierunku) VALUES (261,6,15,7);
INSERT INTO wartosc_oczekiwana (id_wartosci_oczekiwanej, wartosc, id_pytania, id_kierunku) VALUES (262,7,16,7);
INSERT INTO wartosc_oczekiwana (id_wartosci_oczekiwanej, wartosc, id_pytania, id_kierunku) VALUES (263,4,17,7);
INSERT INTO wartosc_oczekiwana (id_wartosci_oczekiwanej, wartosc, id_pytania, id_kierunku) VALUES (264,5,18,7);
INSERT INTO wartosc_oczekiwana (id_wartosci_oczekiwanej, wartosc, id_pytania, id_kierunku) VALUES (265,8,19,7);
INSERT INTO wartosc_oczekiwana (id_wartosci_oczekiwanej, wartosc, id_pytania, id_kierunku) VALUES (266,7,20,7);
INSERT INTO wartosc_oczekiwana (id_wartosci_oczekiwanej, wartosc, id_pytania, id_kierunku) VALUES (267,7,21,7);
INSERT INTO wartosc_oczekiwana (id_wartosci_oczekiwanej, wartosc, id_pytania, id_kierunku) VALUES (268,7,22,7);
INSERT INTO wartosc_oczekiwana (id_wartosci_oczekiwanej, wartosc, id_pytania, id_kierunku) VALUES (269,1,23,7);
INSERT INTO wartosc_oczekiwana (id_wartosci_oczekiwanej, wartosc, id_pytania, id_kierunku) VALUES (270,6,24,7);
INSERT INTO wartosc_oczekiwana (id_wartosci_oczekiwanej, wartosc, id_pytania, id_kierunku) VALUES (271,3,25,7);
INSERT INTO wartosc_oczekiwana (id_wartosci_oczekiwanej, wartosc, id_pytania, id_kierunku) VALUES (272,6,26,7);
INSERT INTO wartosc_oczekiwana (id_wartosci_oczekiwanej, wartosc, id_pytania, id_kierunku) VALUES (273,4,27,7);
INSERT INTO wartosc_oczekiwana (id_wartosci_oczekiwanej, wartosc, id_pytania, id_kierunku) VALUES (274,2,28,7);
INSERT INTO wartosc_oczekiwana (id_wartosci_oczekiwanej, wartosc, id_pytania, id_kierunku) VALUES (275,5,29,7);
INSERT INTO wartosc_oczekiwana (id_wartosci_oczekiwanej, wartosc, id_pytania, id_kierunku) VALUES (276,7,30,7);
INSERT INTO wartosc_oczekiwana (id_wartosci_oczekiwanej, wartosc, id_pytania, id_kierunku) VALUES (277,5,31,7);
INSERT INTO wartosc_oczekiwana (id_wartosci_oczekiwanej, wartosc, id_pytania, id_kierunku) VALUES (278,5,32,7);
INSERT INTO wartosc_oczekiwana (id_wartosci_oczekiwanej, wartosc, id_pytania, id_kierunku) VALUES (279,8,33,7);
INSERT INTO wartosc_oczekiwana (id_wartosci_oczekiwanej, wartosc, id_pytania, id_kierunku) VALUES (280,5,34,7);
INSERT INTO wartosc_oczekiwana (id_wartosci_oczekiwanej, wartosc, id_pytania, id_kierunku) VALUES (281,7,35,7);
INSERT INTO wartosc_oczekiwana (id_wartosci_oczekiwanej, wartosc, id_pytania, id_kierunku) VALUES (282,6,36,7);
INSERT INTO wartosc_oczekiwana (id_wartosci_oczekiwanej, wartosc, id_pytania, id_kierunku) VALUES (283,1,37,7);
INSERT INTO wartosc_oczekiwana (id_wartosci_oczekiwanej, wartosc, id_pytania, id_kierunku) VALUES (284,10,38,7);
INSERT INTO wartosc_oczekiwana (id_wartosci_oczekiwanej, wartosc, id_pytania, id_kierunku) VALUES (285,5,39,7);
INSERT INTO wartosc_oczekiwana (id_wartosci_oczekiwanej, wartosc, id_pytania, id_kierunku) VALUES (286,3,40,7);
INSERT INTO wartosc_oczekiwana (id_wartosci_oczekiwanej, wartosc, id_pytania, id_kierunku) VALUES (287,3,41,7);
INSERT INTO wartosc_oczekiwana (id_wartosci_oczekiwanej, wartosc, id_pytania, id_kierunku) VALUES (288,8,1,8);
INSERT INTO wartosc_oczekiwana (id_wartosci_oczekiwanej, wartosc, id_pytania, id_kierunku) VALUES (289,5,2,8);
INSERT INTO wartosc_oczekiwana (id_wartosci_oczekiwanej, wartosc, id_pytania, id_kierunku) VALUES (290,2,3,8);
INSERT INTO wartosc_oczekiwana (id_wartosci_oczekiwanej, wartosc, id_pytania, id_kierunku) VALUES (291,10,4,8);
INSERT INTO wartosc_oczekiwana (id_wartosci_oczekiwanej, wartosc, id_pytania, id_kierunku) VALUES (292,6,5,8);
INSERT INTO wartosc_oczekiwana (id_wartosci_oczekiwanej, wartosc, id_pytania, id_kierunku) VALUES (293,1,6,8);
INSERT INTO wartosc_oczekiwana (id_wartosci_oczekiwanej, wartosc, id_pytania, id_kierunku) VALUES (294,9,7,8);
INSERT INTO wartosc_oczekiwana (id_wartosci_oczekiwanej, wartosc, id_pytania, id_kierunku) VALUES (295,4,8,8);
INSERT INTO wartosc_oczekiwana (id_wartosci_oczekiwanej, wartosc, id_pytania, id_kierunku) VALUES (296,8,9,8);
INSERT INTO wartosc_oczekiwana (id_wartosci_oczekiwanej, wartosc, id_pytania, id_kierunku) VALUES (297,4,10,8);
INSERT INTO wartosc_oczekiwana (id_wartosci_oczekiwanej, wartosc, id_pytania, id_kierunku) VALUES (298,6,11,8);
INSERT INTO wartosc_oczekiwana (id_wartosci_oczekiwanej, wartosc, id_pytania, id_kierunku) VALUES (299,6,12,8);
INSERT INTO wartosc_oczekiwana (id_wartosci_oczekiwanej, wartosc, id_pytania, id_kierunku) VALUES (300,10,13,8);
INSERT INTO wartosc_oczekiwana (id_wartosci_oczekiwanej, wartosc, id_pytania, id_kierunku) VALUES (301,6,14,8);
INSERT INTO wartosc_oczekiwana (id_wartosci_oczekiwanej, wartosc, id_pytania, id_kierunku) VALUES (302,5,15,8);
INSERT INTO wartosc_oczekiwana (id_wartosci_oczekiwanej, wartosc, id_pytania, id_kierunku) VALUES (303,7,16,8);
INSERT INTO wartosc_oczekiwana (id_wartosci_oczekiwanej, wartosc, id_pytania, id_kierunku) VALUES (304,3,17,8);
INSERT INTO wartosc_oczekiwana (id_wartosci_oczekiwanej, wartosc, id_pytania, id_kierunku) VALUES (305,7,18,8);
INSERT INTO wartosc_oczekiwana (id_wartosci_oczekiwanej, wartosc, id_pytania, id_kierunku) VALUES (306,3,19,8);
INSERT INTO wartosc_oczekiwana (id_wartosci_oczekiwanej, wartosc, id_pytania, id_kierunku) VALUES (307,8,20,8);
INSERT INTO wartosc_oczekiwana (id_wartosci_oczekiwanej, wartosc, id_pytania, id_kierunku) VALUES (308,5,21,8);
INSERT INTO wartosc_oczekiwana (id_wartosci_oczekiwanej, wartosc, id_pytania, id_kierunku) VALUES (309,9,22,8);
INSERT INTO wartosc_oczekiwana (id_wartosci_oczekiwanej, wartosc, id_pytania, id_kierunku) VALUES (310,2,23,8);
INSERT INTO wartosc_oczekiwana (id_wartosci_oczekiwanej, wartosc, id_pytania, id_kierunku) VALUES (311,4,24,8);
INSERT INTO wartosc_oczekiwana (id_wartosci_oczekiwanej, wartosc, id_pytania, id_kierunku) VALUES (312,1,25,8);
INSERT INTO wartosc_oczekiwana (id_wartosci_oczekiwanej, wartosc, id_pytania, id_kierunku) VALUES (313,8,26,8);
INSERT INTO wartosc_oczekiwana (id_wartosci_oczekiwanej, wartosc, id_pytania, id_kierunku) VALUES (314,3,27,8);
INSERT INTO wartosc_oczekiwana (id_wartosci_oczekiwanej, wartosc, id_pytania, id_kierunku) VALUES (315,3,28,8);
INSERT INTO wartosc_oczekiwana (id_wartosci_oczekiwanej, wartosc, id_pytania, id_kierunku) VALUES (316,10,29,8);
INSERT INTO wartosc_oczekiwana (id_wartosci_oczekiwanej, wartosc, id_pytania, id_kierunku) VALUES (317,5,30,8);
INSERT INTO wartosc_oczekiwana (id_wartosci_oczekiwanej, wartosc, id_pytania, id_kierunku) VALUES (318,5,31,8);
INSERT INTO wartosc_oczekiwana (id_wartosci_oczekiwanej, wartosc, id_pytania, id_kierunku) VALUES (319,7,32,8);
INSERT INTO wartosc_oczekiwana (id_wartosci_oczekiwanej, wartosc, id_pytania, id_kierunku) VALUES (320,2,33,8);
INSERT INTO wartosc_oczekiwana (id_wartosci_oczekiwanej, wartosc, id_pytania, id_kierunku) VALUES (321,7,34,8);
INSERT INTO wartosc_oczekiwana (id_wartosci_oczekiwanej, wartosc, id_pytania, id_kierunku) VALUES (322,9,35,8);
INSERT INTO wartosc_oczekiwana (id_wartosci_oczekiwanej, wartosc, id_pytania, id_kierunku) VALUES (323,8,36,8);
INSERT INTO wartosc_oczekiwana (id_wartosci_oczekiwanej, wartosc, id_pytania, id_kierunku) VALUES (324,7,37,8);
INSERT INTO wartosc_oczekiwana (id_wartosci_oczekiwanej, wartosc, id_pytania, id_kierunku) VALUES (325,8,38,8);
INSERT INTO wartosc_oczekiwana (id_wartosci_oczekiwanej, wartosc, id_pytania, id_kierunku) VALUES (326,3,39,8);
INSERT INTO wartosc_oczekiwana (id_wartosci_oczekiwanej, wartosc, id_pytania, id_kierunku) VALUES (327,9,40,8);
INSERT INTO wartosc_oczekiwana (id_wartosci_oczekiwanej, wartosc, id_pytania, id_kierunku) VALUES (328,5,41,8);
INSERT INTO wartosc_oczekiwana (id_wartosci_oczekiwanej, wartosc, id_pytania, id_kierunku) VALUES (329,2,1,9);
INSERT INTO wartosc_oczekiwana (id_wartosci_oczekiwanej, wartosc, id_pytania, id_kierunku) VALUES (330,4,2,9);
INSERT INTO wartosc_oczekiwana (id_wartosci_oczekiwanej, wartosc, id_pytania, id_kierunku) VALUES (331,9,3,9);
INSERT INTO wartosc_oczekiwana (id_wartosci_oczekiwanej, wartosc, id_pytania, id_kierunku) VALUES (332,2,4,9);
INSERT INTO wartosc_oczekiwana (id_wartosci_oczekiwanej, wartosc, id_pytania, id_kierunku) VALUES (333,1,5,9);
INSERT INTO wartosc_oczekiwana (id_wartosci_oczekiwanej, wartosc, id_pytania, id_kierunku) VALUES (334,5,6,9);
INSERT INTO wartosc_oczekiwana (id_wartosci_oczekiwanej, wartosc, id_pytania, id_kierunku) VALUES (335,9,7,9);
INSERT INTO wartosc_oczekiwana (id_wartosci_oczekiwanej, wartosc, id_pytania, id_kierunku) VALUES (336,7,8,9);
INSERT INTO wartosc_oczekiwana (id_wartosci_oczekiwanej, wartosc, id_pytania, id_kierunku) VALUES (337,3,9,9);
INSERT INTO wartosc_oczekiwana (id_wartosci_oczekiwanej, wartosc, id_pytania, id_kierunku) VALUES (338,2,10,9);
INSERT INTO wartosc_oczekiwana (id_wartosci_oczekiwanej, wartosc, id_pytania, id_kierunku) VALUES (339,8,11,9);
INSERT INTO wartosc_oczekiwana (id_wartosci_oczekiwanej, wartosc, id_pytania, id_kierunku) VALUES (340,6,12,9);
INSERT INTO wartosc_oczekiwana (id_wartosci_oczekiwanej, wartosc, id_pytania, id_kierunku) VALUES (341,8,13,9);
INSERT INTO wartosc_oczekiwana (id_wartosci_oczekiwanej, wartosc, id_pytania, id_kierunku) VALUES (342,3,14,9);
INSERT INTO wartosc_oczekiwana (id_wartosci_oczekiwanej, wartosc, id_pytania, id_kierunku) VALUES (343,9,15,9);
INSERT INTO wartosc_oczekiwana (id_wartosci_oczekiwanej, wartosc, id_pytania, id_kierunku) VALUES (344,2,16,9);
INSERT INTO wartosc_oczekiwana (id_wartosci_oczekiwanej, wartosc, id_pytania, id_kierunku) VALUES (345,9,17,9);
INSERT INTO wartosc_oczekiwana (id_wartosci_oczekiwanej, wartosc, id_pytania, id_kierunku) VALUES (346,7,18,9);
INSERT INTO wartosc_oczekiwana (id_wartosci_oczekiwanej, wartosc, id_pytania, id_kierunku) VALUES (347,2,19,9);
INSERT INTO wartosc_oczekiwana (id_wartosci_oczekiwanej, wartosc, id_pytania, id_kierunku) VALUES (348,3,20,9);
INSERT INTO wartosc_oczekiwana (id_wartosci_oczekiwanej, wartosc, id_pytania, id_kierunku) VALUES (349,10,21,9);
INSERT INTO wartosc_oczekiwana (id_wartosci_oczekiwanej, wartosc, id_pytania, id_kierunku) VALUES (350,4,22,9);
INSERT INTO wartosc_oczekiwana (id_wartosci_oczekiwanej, wartosc, id_pytania, id_kierunku) VALUES (351,10,23,9);
INSERT INTO wartosc_oczekiwana (id_wartosci_oczekiwanej, wartosc, id_pytania, id_kierunku) VALUES (352,4,24,9);
INSERT INTO wartosc_oczekiwana (id_wartosci_oczekiwanej, wartosc, id_pytania, id_kierunku) VALUES (353,2,25,9);
INSERT INTO wartosc_oczekiwana (id_wartosci_oczekiwanej, wartosc, id_pytania, id_kierunku) VALUES (354,6,26,9);
INSERT INTO wartosc_oczekiwana (id_wartosci_oczekiwanej, wartosc, id_pytania, id_kierunku) VALUES (355,2,27,9);
INSERT INTO wartosc_oczekiwana (id_wartosci_oczekiwanej, wartosc, id_pytania, id_kierunku) VALUES (356,7,28,9);
INSERT INTO wartosc_oczekiwana (id_wartosci_oczekiwanej, wartosc, id_pytania, id_kierunku) VALUES (357,2,29,9);
INSERT INTO wartosc_oczekiwana (id_wartosci_oczekiwanej, wartosc, id_pytania, id_kierunku) VALUES (358,7,30,9);
INSERT INTO wartosc_oczekiwana (id_wartosci_oczekiwanej, wartosc, id_pytania, id_kierunku) VALUES (359,7,31,9);
INSERT INTO wartosc_oczekiwana (id_wartosci_oczekiwanej, wartosc, id_pytania, id_kierunku) VALUES (360,8,32,9);
INSERT INTO wartosc_oczekiwana (id_wartosci_oczekiwanej, wartosc, id_pytania, id_kierunku) VALUES (361,1,33,9);
INSERT INTO wartosc_oczekiwana (id_wartosci_oczekiwanej, wartosc, id_pytania, id_kierunku) VALUES (362,9,34,9);
INSERT INTO wartosc_oczekiwana (id_wartosci_oczekiwanej, wartosc, id_pytania, id_kierunku) VALUES (363,3,35,9);
INSERT INTO wartosc_oczekiwana (id_wartosci_oczekiwanej, wartosc, id_pytania, id_kierunku) VALUES (364,8,36,9);
INSERT INTO wartosc_oczekiwana (id_wartosci_oczekiwanej, wartosc, id_pytania, id_kierunku) VALUES (365,6,37,9);
INSERT INTO wartosc_oczekiwana (id_wartosci_oczekiwanej, wartosc, id_pytania, id_kierunku) VALUES (366,5,38,9);
INSERT INTO wartosc_oczekiwana (id_wartosci_oczekiwanej, wartosc, id_pytania, id_kierunku) VALUES (367,8,39,9);
INSERT INTO wartosc_oczekiwana (id_wartosci_oczekiwanej, wartosc, id_pytania, id_kierunku) VALUES (368,2,40,9);
INSERT INTO wartosc_oczekiwana (id_wartosci_oczekiwanej, wartosc, id_pytania, id_kierunku) VALUES (369,2,41,9);
INSERT INTO wartosc_oczekiwana (id_wartosci_oczekiwanej, wartosc, id_pytania, id_kierunku) VALUES (370,9,1,10);
INSERT INTO wartosc_oczekiwana (id_wartosci_oczekiwanej, wartosc, id_pytania, id_kierunku) VALUES (371,1,2,10);
INSERT INTO wartosc_oczekiwana (id_wartosci_oczekiwanej, wartosc, id_pytania, id_kierunku) VALUES (372,9,3,10);
INSERT INTO wartosc_oczekiwana (id_wartosci_oczekiwanej, wartosc, id_pytania, id_kierunku) VALUES (373,4,4,10);
INSERT INTO wartosc_oczekiwana (id_wartosci_oczekiwanej, wartosc, id_pytania, id_kierunku) VALUES (374,5,5,10);
INSERT INTO wartosc_oczekiwana (id_wartosci_oczekiwanej, wartosc, id_pytania, id_kierunku) VALUES (375,4,6,10);
INSERT INTO wartosc_oczekiwana (id_wartosci_oczekiwanej, wartosc, id_pytania, id_kierunku) VALUES (376,3,7,10);
INSERT INTO wartosc_oczekiwana (id_wartosci_oczekiwanej, wartosc, id_pytania, id_kierunku) VALUES (377,9,8,10);
INSERT INTO wartosc_oczekiwana (id_wartosci_oczekiwanej, wartosc, id_pytania, id_kierunku) VALUES (378,8,9,10);
INSERT INTO wartosc_oczekiwana (id_wartosci_oczekiwanej, wartosc, id_pytania, id_kierunku) VALUES (379,9,10,10);
INSERT INTO wartosc_oczekiwana (id_wartosci_oczekiwanej, wartosc, id_pytania, id_kierunku) VALUES (380,4,11,10);
INSERT INTO wartosc_oczekiwana (id_wartosci_oczekiwanej, wartosc, id_pytania, id_kierunku) VALUES (381,7,12,10);
INSERT INTO wartosc_oczekiwana (id_wartosci_oczekiwanej, wartosc, id_pytania, id_kierunku) VALUES (382,6,13,10);
INSERT INTO wartosc_oczekiwana (id_wartosci_oczekiwanej, wartosc, id_pytania, id_kierunku) VALUES (383,7,14,10);
INSERT INTO wartosc_oczekiwana (id_wartosci_oczekiwanej, wartosc, id_pytania, id_kierunku) VALUES (384,4,15,10);
INSERT INTO wartosc_oczekiwana (id_wartosci_oczekiwanej, wartosc, id_pytania, id_kierunku) VALUES (385,10,16,10);
INSERT INTO wartosc_oczekiwana (id_wartosci_oczekiwanej, wartosc, id_pytania, id_kierunku) VALUES (386,8,17,10);
INSERT INTO wartosc_oczekiwana (id_wartosci_oczekiwanej, wartosc, id_pytania, id_kierunku) VALUES (387,9,18,10);
INSERT INTO wartosc_oczekiwana (id_wartosci_oczekiwanej, wartosc, id_pytania, id_kierunku) VALUES (388,1,19,10);
INSERT INTO wartosc_oczekiwana (id_wartosci_oczekiwanej, wartosc, id_pytania, id_kierunku) VALUES (389,8,20,10);
INSERT INTO wartosc_oczekiwana (id_wartosci_oczekiwanej, wartosc, id_pytania, id_kierunku) VALUES (390,5,21,10);
INSERT INTO wartosc_oczekiwana (id_wartosci_oczekiwanej, wartosc, id_pytania, id_kierunku) VALUES (391,6,22,10);
INSERT INTO wartosc_oczekiwana (id_wartosci_oczekiwanej, wartosc, id_pytania, id_kierunku) VALUES (392,6,23,10);
INSERT INTO wartosc_oczekiwana (id_wartosci_oczekiwanej, wartosc, id_pytania, id_kierunku) VALUES (393,5,24,10);
INSERT INTO wartosc_oczekiwana (id_wartosci_oczekiwanej, wartosc, id_pytania, id_kierunku) VALUES (394,3,25,10);
INSERT INTO wartosc_oczekiwana (id_wartosci_oczekiwanej, wartosc, id_pytania, id_kierunku) VALUES (395,10,26,10);
INSERT INTO wartosc_oczekiwana (id_wartosci_oczekiwanej, wartosc, id_pytania, id_kierunku) VALUES (396,2,27,10);
INSERT INTO wartosc_oczekiwana (id_wartosci_oczekiwanej, wartosc, id_pytania, id_kierunku) VALUES (397,4,28,10);
INSERT INTO wartosc_oczekiwana (id_wartosci_oczekiwanej, wartosc, id_pytania, id_kierunku) VALUES (398,10,29,10);
INSERT INTO wartosc_oczekiwana (id_wartosci_oczekiwanej, wartosc, id_pytania, id_kierunku) VALUES (399,4,30,10);
INSERT INTO wartosc_oczekiwana (id_wartosci_oczekiwanej, wartosc, id_pytania, id_kierunku) VALUES (400,3,31,10);
INSERT INTO wartosc_oczekiwana (id_wartosci_oczekiwanej, wartosc, id_pytania, id_kierunku) VALUES (401,9,32,10);
INSERT INTO wartosc_oczekiwana (id_wartosci_oczekiwanej, wartosc, id_pytania, id_kierunku) VALUES (402,9,33,10);
INSERT INTO wartosc_oczekiwana (id_wartosci_oczekiwanej, wartosc, id_pytania, id_kierunku) VALUES (403,8,34,10);
INSERT INTO wartosc_oczekiwana (id_wartosci_oczekiwanej, wartosc, id_pytania, id_kierunku) VALUES (404,10,35,10);
INSERT INTO wartosc_oczekiwana (id_wartosci_oczekiwanej, wartosc, id_pytania, id_kierunku) VALUES (405,7,36,10);
INSERT INTO wartosc_oczekiwana (id_wartosci_oczekiwanej, wartosc, id_pytania, id_kierunku) VALUES (406,5,37,10);
INSERT INTO wartosc_oczekiwana (id_wartosci_oczekiwanej, wartosc, id_pytania, id_kierunku) VALUES (407,8,38,10);
INSERT INTO wartosc_oczekiwana (id_wartosci_oczekiwanej, wartosc, id_pytania, id_kierunku) VALUES (408,2,39,10);
INSERT INTO wartosc_oczekiwana (id_wartosci_oczekiwanej, wartosc, id_pytania, id_kierunku) VALUES (409,10,40,10);
INSERT INTO wartosc_oczekiwana (id_wartosci_oczekiwanej, wartosc, id_pytania, id_kierunku) VALUES (410,6,41,10);
INSERT INTO wartosc_oczekiwana (id_wartosci_oczekiwanej, wartosc, id_pytania, id_kierunku) VALUES (411,1,1,11);
INSERT INTO wartosc_oczekiwana (id_wartosci_oczekiwanej, wartosc, id_pytania, id_kierunku) VALUES (412,10,2,11);
INSERT INTO wartosc_oczekiwana (id_wartosci_oczekiwanej, wartosc, id_pytania, id_kierunku) VALUES (413,10,3,11);
INSERT INTO wartosc_oczekiwana (id_wartosci_oczekiwanej, wartosc, id_pytania, id_kierunku) VALUES (414,5,4,11);
INSERT INTO wartosc_oczekiwana (id_wartosci_oczekiwanej, wartosc, id_pytania, id_kierunku) VALUES (415,7,5,11);
INSERT INTO wartosc_oczekiwana (id_wartosci_oczekiwanej, wartosc, id_pytania, id_kierunku) VALUES (416,4,6,11);
INSERT INTO wartosc_oczekiwana (id_wartosci_oczekiwanej, wartosc, id_pytania, id_kierunku) VALUES (417,3,7,11);
INSERT INTO wartosc_oczekiwana (id_wartosci_oczekiwanej, wartosc, id_pytania, id_kierunku) VALUES (418,5,8,11);
INSERT INTO wartosc_oczekiwana (id_wartosci_oczekiwanej, wartosc, id_pytania, id_kierunku) VALUES (419,10,9,11);
INSERT INTO wartosc_oczekiwana (id_wartosci_oczekiwanej, wartosc, id_pytania, id_kierunku) VALUES (420,1,10,11);
INSERT INTO wartosc_oczekiwana (id_wartosci_oczekiwanej, wartosc, id_pytania, id_kierunku) VALUES (421,4,11,11);
INSERT INTO wartosc_oczekiwana (id_wartosci_oczekiwanej, wartosc, id_pytania, id_kierunku) VALUES (422,10,12,11);
INSERT INTO wartosc_oczekiwana (id_wartosci_oczekiwanej, wartosc, id_pytania, id_kierunku) VALUES (423,1,13,11);
INSERT INTO wartosc_oczekiwana (id_wartosci_oczekiwanej, wartosc, id_pytania, id_kierunku) VALUES (424,1,14,11);
INSERT INTO wartosc_oczekiwana (id_wartosci_oczekiwanej, wartosc, id_pytania, id_kierunku) VALUES (425,6,15,11);
INSERT INTO wartosc_oczekiwana (id_wartosci_oczekiwanej, wartosc, id_pytania, id_kierunku) VALUES (426,2,16,11);
INSERT INTO wartosc_oczekiwana (id_wartosci_oczekiwanej, wartosc, id_pytania, id_kierunku) VALUES (427,2,17,11);
INSERT INTO wartosc_oczekiwana (id_wartosci_oczekiwanej, wartosc, id_pytania, id_kierunku) VALUES (428,7,18,11);
INSERT INTO wartosc_oczekiwana (id_wartosci_oczekiwanej, wartosc, id_pytania, id_kierunku) VALUES (429,4,19,11);
INSERT INTO wartosc_oczekiwana (id_wartosci_oczekiwanej, wartosc, id_pytania, id_kierunku) VALUES (430,3,20,11);
INSERT INTO wartosc_oczekiwana (id_wartosci_oczekiwanej, wartosc, id_pytania, id_kierunku) VALUES (431,9,21,11);
INSERT INTO wartosc_oczekiwana (id_wartosci_oczekiwanej, wartosc, id_pytania, id_kierunku) VALUES (432,1,22,11);
INSERT INTO wartosc_oczekiwana (id_wartosci_oczekiwanej, wartosc, id_pytania, id_kierunku) VALUES (433,5,23,11);
INSERT INTO wartosc_oczekiwana (id_wartosci_oczekiwanej, wartosc, id_pytania, id_kierunku) VALUES (434,6,24,11);
INSERT INTO wartosc_oczekiwana (id_wartosci_oczekiwanej, wartosc, id_pytania, id_kierunku) VALUES (435,4,25,11);
INSERT INTO wartosc_oczekiwana (id_wartosci_oczekiwanej, wartosc, id_pytania, id_kierunku) VALUES (436,5,26,11);
INSERT INTO wartosc_oczekiwana (id_wartosci_oczekiwanej, wartosc, id_pytania, id_kierunku) VALUES (437,2,27,11);
INSERT INTO wartosc_oczekiwana (id_wartosci_oczekiwanej, wartosc, id_pytania, id_kierunku) VALUES (438,3,28,11);
INSERT INTO wartosc_oczekiwana (id_wartosci_oczekiwanej, wartosc, id_pytania, id_kierunku) VALUES (439,2,29,11);
INSERT INTO wartosc_oczekiwana (id_wartosci_oczekiwanej, wartosc, id_pytania, id_kierunku) VALUES (440,5,30,11);
INSERT INTO wartosc_oczekiwana (id_wartosci_oczekiwanej, wartosc, id_pytania, id_kierunku) VALUES (441,5,31,11);
INSERT INTO wartosc_oczekiwana (id_wartosci_oczekiwanej, wartosc, id_pytania, id_kierunku) VALUES (442,8,32,11);
INSERT INTO wartosc_oczekiwana (id_wartosci_oczekiwanej, wartosc, id_pytania, id_kierunku) VALUES (443,10,33,11);
INSERT INTO wartosc_oczekiwana (id_wartosci_oczekiwanej, wartosc, id_pytania, id_kierunku) VALUES (444,7,34,11);
INSERT INTO wartosc_oczekiwana (id_wartosci_oczekiwanej, wartosc, id_pytania, id_kierunku) VALUES (445,8,35,11);
INSERT INTO wartosc_oczekiwana (id_wartosci_oczekiwanej, wartosc, id_pytania, id_kierunku) VALUES (446,6,36,11);
INSERT INTO wartosc_oczekiwana (id_wartosci_oczekiwanej, wartosc, id_pytania, id_kierunku) VALUES (447,3,37,11);
INSERT INTO wartosc_oczekiwana (id_wartosci_oczekiwanej, wartosc, id_pytania, id_kierunku) VALUES (448,2,38,11);
INSERT INTO wartosc_oczekiwana (id_wartosci_oczekiwanej, wartosc, id_pytania, id_kierunku) VALUES (449,8,39,11);
INSERT INTO wartosc_oczekiwana (id_wartosci_oczekiwanej, wartosc, id_pytania, id_kierunku) VALUES (450,5,40,11);
INSERT INTO wartosc_oczekiwana (id_wartosci_oczekiwanej, wartosc, id_pytania, id_kierunku) VALUES (451,4,41,11);
INSERT INTO wartosc_oczekiwana (id_wartosci_oczekiwanej, wartosc, id_pytania, id_kierunku) VALUES (452,1,1,12);
INSERT INTO wartosc_oczekiwana (id_wartosci_oczekiwanej, wartosc, id_pytania, id_kierunku) VALUES (453,5,2,12);
INSERT INTO wartosc_oczekiwana (id_wartosci_oczekiwanej, wartosc, id_pytania, id_kierunku) VALUES (454,10,3,12);
INSERT INTO wartosc_oczekiwana (id_wartosci_oczekiwanej, wartosc, id_pytania, id_kierunku) VALUES (455,4,4,12);
INSERT INTO wartosc_oczekiwana (id_wartosci_oczekiwanej, wartosc, id_pytania, id_kierunku) VALUES (456,8,5,12);
INSERT INTO wartosc_oczekiwana (id_wartosci_oczekiwanej, wartosc, id_pytania, id_kierunku) VALUES (457,6,6,12);
INSERT INTO wartosc_oczekiwana (id_wartosci_oczekiwanej, wartosc, id_pytania, id_kierunku) VALUES (458,9,7,12);
INSERT INTO wartosc_oczekiwana (id_wartosci_oczekiwanej, wartosc, id_pytania, id_kierunku) VALUES (459,3,8,12);
INSERT INTO wartosc_oczekiwana (id_wartosci_oczekiwanej, wartosc, id_pytania, id_kierunku) VALUES (460,5,9,12);
INSERT INTO wartosc_oczekiwana (id_wartosci_oczekiwanej, wartosc, id_pytania, id_kierunku) VALUES (461,2,10,12);
INSERT INTO wartosc_oczekiwana (id_wartosci_oczekiwanej, wartosc, id_pytania, id_kierunku) VALUES (462,5,11,12);
INSERT INTO wartosc_oczekiwana (id_wartosci_oczekiwanej, wartosc, id_pytania, id_kierunku) VALUES (463,10,12,12);
INSERT INTO wartosc_oczekiwana (id_wartosci_oczekiwanej, wartosc, id_pytania, id_kierunku) VALUES (464,6,13,12);
INSERT INTO wartosc_oczekiwana (id_wartosci_oczekiwanej, wartosc, id_pytania, id_kierunku) VALUES (465,4,14,12);
INSERT INTO wartosc_oczekiwana (id_wartosci_oczekiwanej, wartosc, id_pytania, id_kierunku) VALUES (466,4,15,12);
INSERT INTO wartosc_oczekiwana (id_wartosci_oczekiwanej, wartosc, id_pytania, id_kierunku) VALUES (467,4,16,12);
INSERT INTO wartosc_oczekiwana (id_wartosci_oczekiwanej, wartosc, id_pytania, id_kierunku) VALUES (468,9,17,12);
INSERT INTO wartosc_oczekiwana (id_wartosci_oczekiwanej, wartosc, id_pytania, id_kierunku) VALUES (469,5,18,12);
INSERT INTO wartosc_oczekiwana (id_wartosci_oczekiwanej, wartosc, id_pytania, id_kierunku) VALUES (470,5,19,12);
INSERT INTO wartosc_oczekiwana (id_wartosci_oczekiwanej, wartosc, id_pytania, id_kierunku) VALUES (471,3,20,12);
INSERT INTO wartosc_oczekiwana (id_wartosci_oczekiwanej, wartosc, id_pytania, id_kierunku) VALUES (472,8,21,12);
INSERT INTO wartosc_oczekiwana (id_wartosci_oczekiwanej, wartosc, id_pytania, id_kierunku) VALUES (473,1,22,12);
INSERT INTO wartosc_oczekiwana (id_wartosci_oczekiwanej, wartosc, id_pytania, id_kierunku) VALUES (474,5,23,12);
INSERT INTO wartosc_oczekiwana (id_wartosci_oczekiwanej, wartosc, id_pytania, id_kierunku) VALUES (475,7,24,12);
INSERT INTO wartosc_oczekiwana (id_wartosci_oczekiwanej, wartosc, id_pytania, id_kierunku) VALUES (476,4,25,12);
INSERT INTO wartosc_oczekiwana (id_wartosci_oczekiwanej, wartosc, id_pytania, id_kierunku) VALUES (477,2,26,12);
INSERT INTO wartosc_oczekiwana (id_wartosci_oczekiwanej, wartosc, id_pytania, id_kierunku) VALUES (478,5,27,12);
INSERT INTO wartosc_oczekiwana (id_wartosci_oczekiwanej, wartosc, id_pytania, id_kierunku) VALUES (479,9,28,12);
INSERT INTO wartosc_oczekiwana (id_wartosci_oczekiwanej, wartosc, id_pytania, id_kierunku) VALUES (480,8,29,12);
INSERT INTO wartosc_oczekiwana (id_wartosci_oczekiwanej, wartosc, id_pytania, id_kierunku) VALUES (481,3,30,12);
INSERT INTO wartosc_oczekiwana (id_wartosci_oczekiwanej, wartosc, id_pytania, id_kierunku) VALUES (482,7,31,12);
INSERT INTO wartosc_oczekiwana (id_wartosci_oczekiwanej, wartosc, id_pytania, id_kierunku) VALUES (483,3,32,12);
INSERT INTO wartosc_oczekiwana (id_wartosci_oczekiwanej, wartosc, id_pytania, id_kierunku) VALUES (484,10,33,12);
INSERT INTO wartosc_oczekiwana (id_wartosci_oczekiwanej, wartosc, id_pytania, id_kierunku) VALUES (485,7,34,12);
INSERT INTO wartosc_oczekiwana (id_wartosci_oczekiwanej, wartosc, id_pytania, id_kierunku) VALUES (486,7,35,12);
INSERT INTO wartosc_oczekiwana (id_wartosci_oczekiwanej, wartosc, id_pytania, id_kierunku) VALUES (487,4,36,12);
INSERT INTO wartosc_oczekiwana (id_wartosci_oczekiwanej, wartosc, id_pytania, id_kierunku) VALUES (488,10,37,12);
INSERT INTO wartosc_oczekiwana (id_wartosci_oczekiwanej, wartosc, id_pytania, id_kierunku) VALUES (489,7,38,12);
INSERT INTO wartosc_oczekiwana (id_wartosci_oczekiwanej, wartosc, id_pytania, id_kierunku) VALUES (490,3,39,12);
INSERT INTO wartosc_oczekiwana (id_wartosci_oczekiwanej, wartosc, id_pytania, id_kierunku) VALUES (491,4,40,12);
INSERT INTO wartosc_oczekiwana (id_wartosci_oczekiwanej, wartosc, id_pytania, id_kierunku) VALUES (492,1,41,12);
INSERT INTO wartosc_oczekiwana (id_wartosci_oczekiwanej, wartosc, id_pytania, id_kierunku) VALUES (493,5,1,13);
INSERT INTO wartosc_oczekiwana (id_wartosci_oczekiwanej, wartosc, id_pytania, id_kierunku) VALUES (494,1,2,13);
INSERT INTO wartosc_oczekiwana (id_wartosci_oczekiwanej, wartosc, id_pytania, id_kierunku) VALUES (495,4,3,13);
INSERT INTO wartosc_oczekiwana (id_wartosci_oczekiwanej, wartosc, id_pytania, id_kierunku) VALUES (496,5,4,13);
INSERT INTO wartosc_oczekiwana (id_wartosci_oczekiwanej, wartosc, id_pytania, id_kierunku) VALUES (497,9,5,13);
INSERT INTO wartosc_oczekiwana (id_wartosci_oczekiwanej, wartosc, id_pytania, id_kierunku) VALUES (498,2,6,13);
INSERT INTO wartosc_oczekiwana (id_wartosci_oczekiwanej, wartosc, id_pytania, id_kierunku) VALUES (499,3,7,13);
INSERT INTO wartosc_oczekiwana (id_wartosci_oczekiwanej, wartosc, id_pytania, id_kierunku) VALUES (500,1,8,13);
INSERT INTO wartosc_oczekiwana (id_wartosci_oczekiwanej, wartosc, id_pytania, id_kierunku) VALUES (501,6,9,13);
INSERT INTO wartosc_oczekiwana (id_wartosci_oczekiwanej, wartosc, id_pytania, id_kierunku) VALUES (502,10,10,13);
INSERT INTO wartosc_oczekiwana (id_wartosci_oczekiwanej, wartosc, id_pytania, id_kierunku) VALUES (503,2,11,13);
INSERT INTO wartosc_oczekiwana (id_wartosci_oczekiwanej, wartosc, id_pytania, id_kierunku) VALUES (504,3,12,13);
INSERT INTO wartosc_oczekiwana (id_wartosci_oczekiwanej, wartosc, id_pytania, id_kierunku) VALUES (505,3,13,13);
INSERT INTO wartosc_oczekiwana (id_wartosci_oczekiwanej, wartosc, id_pytania, id_kierunku) VALUES (506,9,14,13);
INSERT INTO wartosc_oczekiwana (id_wartosci_oczekiwanej, wartosc, id_pytania, id_kierunku) VALUES (507,1,15,13);
INSERT INTO wartosc_oczekiwana (id_wartosci_oczekiwanej, wartosc, id_pytania, id_kierunku) VALUES (508,9,16,13);
INSERT INTO wartosc_oczekiwana (id_wartosci_oczekiwanej, wartosc, id_pytania, id_kierunku) VALUES (509,4,17,13);
INSERT INTO wartosc_oczekiwana (id_wartosci_oczekiwanej, wartosc, id_pytania, id_kierunku) VALUES (510,10,18,13);
INSERT INTO wartosc_oczekiwana (id_wartosci_oczekiwanej, wartosc, id_pytania, id_kierunku) VALUES (511,10,19,13);
INSERT INTO wartosc_oczekiwana (id_wartosci_oczekiwanej, wartosc, id_pytania, id_kierunku) VALUES (512,9,20,13);
INSERT INTO wartosc_oczekiwana (id_wartosci_oczekiwanej, wartosc, id_pytania, id_kierunku) VALUES (513,2,21,13);
INSERT INTO wartosc_oczekiwana (id_wartosci_oczekiwanej, wartosc, id_pytania, id_kierunku) VALUES (514,1,22,13);
INSERT INTO wartosc_oczekiwana (id_wartosci_oczekiwanej, wartosc, id_pytania, id_kierunku) VALUES (515,4,23,13);
INSERT INTO wartosc_oczekiwana (id_wartosci_oczekiwanej, wartosc, id_pytania, id_kierunku) VALUES (516,5,24,13);
INSERT INTO wartosc_oczekiwana (id_wartosci_oczekiwanej, wartosc, id_pytania, id_kierunku) VALUES (517,6,25,13);
INSERT INTO wartosc_oczekiwana (id_wartosci_oczekiwanej, wartosc, id_pytania, id_kierunku) VALUES (518,3,26,13);
INSERT INTO wartosc_oczekiwana (id_wartosci_oczekiwanej, wartosc, id_pytania, id_kierunku) VALUES (519,10,27,13);
INSERT INTO wartosc_oczekiwana (id_wartosci_oczekiwanej, wartosc, id_pytania, id_kierunku) VALUES (520,9,28,13);
INSERT INTO wartosc_oczekiwana (id_wartosci_oczekiwanej, wartosc, id_pytania, id_kierunku) VALUES (521,8,29,13);
INSERT INTO wartosc_oczekiwana (id_wartosci_oczekiwanej, wartosc, id_pytania, id_kierunku) VALUES (522,6,30,13);
INSERT INTO wartosc_oczekiwana (id_wartosci_oczekiwanej, wartosc, id_pytania, id_kierunku) VALUES (523,5,31,13);
INSERT INTO wartosc_oczekiwana (id_wartosci_oczekiwanej, wartosc, id_pytania, id_kierunku) VALUES (524,2,32,13);
INSERT INTO wartosc_oczekiwana (id_wartosci_oczekiwanej, wartosc, id_pytania, id_kierunku) VALUES (525,7,33,13);
INSERT INTO wartosc_oczekiwana (id_wartosci_oczekiwanej, wartosc, id_pytania, id_kierunku) VALUES (526,4,34,13);
INSERT INTO wartosc_oczekiwana (id_wartosci_oczekiwanej, wartosc, id_pytania, id_kierunku) VALUES (527,10,35,13);
INSERT INTO wartosc_oczekiwana (id_wartosci_oczekiwanej, wartosc, id_pytania, id_kierunku) VALUES (528,1,36,13);
INSERT INTO wartosc_oczekiwana (id_wartosci_oczekiwanej, wartosc, id_pytania, id_kierunku) VALUES (529,4,37,13);
INSERT INTO wartosc_oczekiwana (id_wartosci_oczekiwanej, wartosc, id_pytania, id_kierunku) VALUES (530,3,38,13);
INSERT INTO wartosc_oczekiwana (id_wartosci_oczekiwanej, wartosc, id_pytania, id_kierunku) VALUES (531,4,39,13);
INSERT INTO wartosc_oczekiwana (id_wartosci_oczekiwanej, wartosc, id_pytania, id_kierunku) VALUES (532,9,40,13);
INSERT INTO wartosc_oczekiwana (id_wartosci_oczekiwanej, wartosc, id_pytania, id_kierunku) VALUES (533,9,41,13);
INSERT INTO wartosc_oczekiwana (id_wartosci_oczekiwanej, wartosc, id_pytania, id_kierunku) VALUES (534,6,1,14);
INSERT INTO wartosc_oczekiwana (id_wartosci_oczekiwanej, wartosc, id_pytania, id_kierunku) VALUES (535,9,2,14);
INSERT INTO wartosc_oczekiwana (id_wartosci_oczekiwanej, wartosc, id_pytania, id_kierunku) VALUES (536,2,3,14);
INSERT INTO wartosc_oczekiwana (id_wartosci_oczekiwanej, wartosc, id_pytania, id_kierunku) VALUES (537,8,4,14);
INSERT INTO wartosc_oczekiwana (id_wartosci_oczekiwanej, wartosc, id_pytania, id_kierunku) VALUES (538,2,5,14);
INSERT INTO wartosc_oczekiwana (id_wartosci_oczekiwanej, wartosc, id_pytania, id_kierunku) VALUES (539,5,6,14);
INSERT INTO wartosc_oczekiwana (id_wartosci_oczekiwanej, wartosc, id_pytania, id_kierunku) VALUES (540,7,7,14);
INSERT INTO wartosc_oczekiwana (id_wartosci_oczekiwanej, wartosc, id_pytania, id_kierunku) VALUES (541,4,8,14);
INSERT INTO wartosc_oczekiwana (id_wartosci_oczekiwanej, wartosc, id_pytania, id_kierunku) VALUES (542,6,9,14);
INSERT INTO wartosc_oczekiwana (id_wartosci_oczekiwanej, wartosc, id_pytania, id_kierunku) VALUES (543,7,10,14);
INSERT INTO wartosc_oczekiwana (id_wartosci_oczekiwanej, wartosc, id_pytania, id_kierunku) VALUES (544,6,11,14);
INSERT INTO wartosc_oczekiwana (id_wartosci_oczekiwanej, wartosc, id_pytania, id_kierunku) VALUES (545,7,12,14);
INSERT INTO wartosc_oczekiwana (id_wartosci_oczekiwanej, wartosc, id_pytania, id_kierunku) VALUES (546,8,13,14);
INSERT INTO wartosc_oczekiwana (id_wartosci_oczekiwanej, wartosc, id_pytania, id_kierunku) VALUES (547,8,14,14);
INSERT INTO wartosc_oczekiwana (id_wartosci_oczekiwanej, wartosc, id_pytania, id_kierunku) VALUES (548,1,15,14);
INSERT INTO wartosc_oczekiwana (id_wartosci_oczekiwanej, wartosc, id_pytania, id_kierunku) VALUES (549,2,16,14);
INSERT INTO wartosc_oczekiwana (id_wartosci_oczekiwanej, wartosc, id_pytania, id_kierunku) VALUES (550,7,17,14);
INSERT INTO wartosc_oczekiwana (id_wartosci_oczekiwanej, wartosc, id_pytania, id_kierunku) VALUES (551,1,18,14);
INSERT INTO wartosc_oczekiwana (id_wartosci_oczekiwanej, wartosc, id_pytania, id_kierunku) VALUES (552,6,19,14);
INSERT INTO wartosc_oczekiwana (id_wartosci_oczekiwanej, wartosc, id_pytania, id_kierunku) VALUES (553,8,20,14);
INSERT INTO wartosc_oczekiwana (id_wartosci_oczekiwanej, wartosc, id_pytania, id_kierunku) VALUES (554,6,21,14);
INSERT INTO wartosc_oczekiwana (id_wartosci_oczekiwanej, wartosc, id_pytania, id_kierunku) VALUES (555,4,22,14);
INSERT INTO wartosc_oczekiwana (id_wartosci_oczekiwanej, wartosc, id_pytania, id_kierunku) VALUES (556,6,23,14);
INSERT INTO wartosc_oczekiwana (id_wartosci_oczekiwanej, wartosc, id_pytania, id_kierunku) VALUES (557,10,24,14);
INSERT INTO wartosc_oczekiwana (id_wartosci_oczekiwanej, wartosc, id_pytania, id_kierunku) VALUES (558,7,25,14);
INSERT INTO wartosc_oczekiwana (id_wartosci_oczekiwanej, wartosc, id_pytania, id_kierunku) VALUES (559,3,26,14);
INSERT INTO wartosc_oczekiwana (id_wartosci_oczekiwanej, wartosc, id_pytania, id_kierunku) VALUES (560,8,27,14);
INSERT INTO wartosc_oczekiwana (id_wartosci_oczekiwanej, wartosc, id_pytania, id_kierunku) VALUES (561,7,28,14);
INSERT INTO wartosc_oczekiwana (id_wartosci_oczekiwanej, wartosc, id_pytania, id_kierunku) VALUES (562,7,29,14);
INSERT INTO wartosc_oczekiwana (id_wartosci_oczekiwanej, wartosc, id_pytania, id_kierunku) VALUES (563,2,30,14);
INSERT INTO wartosc_oczekiwana (id_wartosci_oczekiwanej, wartosc, id_pytania, id_kierunku) VALUES (564,10,31,14);
INSERT INTO wartosc_oczekiwana (id_wartosci_oczekiwanej, wartosc, id_pytania, id_kierunku) VALUES (565,6,32,14);
INSERT INTO wartosc_oczekiwana (id_wartosci_oczekiwanej, wartosc, id_pytania, id_kierunku) VALUES (566,5,33,14);
INSERT INTO wartosc_oczekiwana (id_wartosci_oczekiwanej, wartosc, id_pytania, id_kierunku) VALUES (567,7,34,14);
INSERT INTO wartosc_oczekiwana (id_wartosci_oczekiwanej, wartosc, id_pytania, id_kierunku) VALUES (568,4,35,14);
INSERT INTO wartosc_oczekiwana (id_wartosci_oczekiwanej, wartosc, id_pytania, id_kierunku) VALUES (569,6,36,14);
INSERT INTO wartosc_oczekiwana (id_wartosci_oczekiwanej, wartosc, id_pytania, id_kierunku) VALUES (570,4,37,14);
INSERT INTO wartosc_oczekiwana (id_wartosci_oczekiwanej, wartosc, id_pytania, id_kierunku) VALUES (571,6,38,14);
INSERT INTO wartosc_oczekiwana (id_wartosci_oczekiwanej, wartosc, id_pytania, id_kierunku) VALUES (572,5,39,14);
INSERT INTO wartosc_oczekiwana (id_wartosci_oczekiwanej, wartosc, id_pytania, id_kierunku) VALUES (573,10,40,14);
INSERT INTO wartosc_oczekiwana (id_wartosci_oczekiwanej, wartosc, id_pytania, id_kierunku) VALUES (574,9,41,14);
INSERT INTO wartosc_oczekiwana (id_wartosci_oczekiwanej, wartosc, id_pytania, id_kierunku) VALUES (575,5,1,15);
INSERT INTO wartosc_oczekiwana (id_wartosci_oczekiwanej, wartosc, id_pytania, id_kierunku) VALUES (576,6,2,15);
INSERT INTO wartosc_oczekiwana (id_wartosci_oczekiwanej, wartosc, id_pytania, id_kierunku) VALUES (577,4,3,15);
INSERT INTO wartosc_oczekiwana (id_wartosci_oczekiwanej, wartosc, id_pytania, id_kierunku) VALUES (578,4,4,15);
INSERT INTO wartosc_oczekiwana (id_wartosci_oczekiwanej, wartosc, id_pytania, id_kierunku) VALUES (579,2,5,15);
INSERT INTO wartosc_oczekiwana (id_wartosci_oczekiwanej, wartosc, id_pytania, id_kierunku) VALUES (580,1,6,15);
INSERT INTO wartosc_oczekiwana (id_wartosci_oczekiwanej, wartosc, id_pytania, id_kierunku) VALUES (581,9,7,15);
INSERT INTO wartosc_oczekiwana (id_wartosci_oczekiwanej, wartosc, id_pytania, id_kierunku) VALUES (582,2,8,15);
INSERT INTO wartosc_oczekiwana (id_wartosci_oczekiwanej, wartosc, id_pytania, id_kierunku) VALUES (583,6,9,15);
INSERT INTO wartosc_oczekiwana (id_wartosci_oczekiwanej, wartosc, id_pytania, id_kierunku) VALUES (584,5,10,15);
INSERT INTO wartosc_oczekiwana (id_wartosci_oczekiwanej, wartosc, id_pytania, id_kierunku) VALUES (585,1,11,15);
INSERT INTO wartosc_oczekiwana (id_wartosci_oczekiwanej, wartosc, id_pytania, id_kierunku) VALUES (586,10,12,15);
INSERT INTO wartosc_oczekiwana (id_wartosci_oczekiwanej, wartosc, id_pytania, id_kierunku) VALUES (587,3,13,15);
INSERT INTO wartosc_oczekiwana (id_wartosci_oczekiwanej, wartosc, id_pytania, id_kierunku) VALUES (588,8,14,15);
INSERT INTO wartosc_oczekiwana (id_wartosci_oczekiwanej, wartosc, id_pytania, id_kierunku) VALUES (589,10,15,15);
INSERT INTO wartosc_oczekiwana (id_wartosci_oczekiwanej, wartosc, id_pytania, id_kierunku) VALUES (590,3,16,15);
INSERT INTO wartosc_oczekiwana (id_wartosci_oczekiwanej, wartosc, id_pytania, id_kierunku) VALUES (591,5,17,15);
INSERT INTO wartosc_oczekiwana (id_wartosci_oczekiwanej, wartosc, id_pytania, id_kierunku) VALUES (592,8,18,15);
INSERT INTO wartosc_oczekiwana (id_wartosci_oczekiwanej, wartosc, id_pytania, id_kierunku) VALUES (593,6,19,15);
INSERT INTO wartosc_oczekiwana (id_wartosci_oczekiwanej, wartosc, id_pytania, id_kierunku) VALUES (594,2,20,15);
INSERT INTO wartosc_oczekiwana (id_wartosci_oczekiwanej, wartosc, id_pytania, id_kierunku) VALUES (595,7,21,15);
INSERT INTO wartosc_oczekiwana (id_wartosci_oczekiwanej, wartosc, id_pytania, id_kierunku) VALUES (596,1,22,15);
INSERT INTO wartosc_oczekiwana (id_wartosci_oczekiwanej, wartosc, id_pytania, id_kierunku) VALUES (597,1,23,15);
INSERT INTO wartosc_oczekiwana (id_wartosci_oczekiwanej, wartosc, id_pytania, id_kierunku) VALUES (598,1,24,15);
INSERT INTO wartosc_oczekiwana (id_wartosci_oczekiwanej, wartosc, id_pytania, id_kierunku) VALUES (599,4,25,15);
INSERT INTO wartosc_oczekiwana (id_wartosci_oczekiwanej, wartosc, id_pytania, id_kierunku) VALUES (600,4,26,15);
INSERT INTO wartosc_oczekiwana (id_wartosci_oczekiwanej, wartosc, id_pytania, id_kierunku) VALUES (601,10,27,15);
INSERT INTO wartosc_oczekiwana (id_wartosci_oczekiwanej, wartosc, id_pytania, id_kierunku) VALUES (602,5,28,15);
INSERT INTO wartosc_oczekiwana (id_wartosci_oczekiwanej, wartosc, id_pytania, id_kierunku) VALUES (603,1,29,15);
INSERT INTO wartosc_oczekiwana (id_wartosci_oczekiwanej, wartosc, id_pytania, id_kierunku) VALUES (604,9,30,15);
INSERT INTO wartosc_oczekiwana (id_wartosci_oczekiwanej, wartosc, id_pytania, id_kierunku) VALUES (605,4,31,15);
INSERT INTO wartosc_oczekiwana (id_wartosci_oczekiwanej, wartosc, id_pytania, id_kierunku) VALUES (606,4,32,15);
INSERT INTO wartosc_oczekiwana (id_wartosci_oczekiwanej, wartosc, id_pytania, id_kierunku) VALUES (607,7,33,15);
INSERT INTO wartosc_oczekiwana (id_wartosci_oczekiwanej, wartosc, id_pytania, id_kierunku) VALUES (608,1,34,15);
INSERT INTO wartosc_oczekiwana (id_wartosci_oczekiwanej, wartosc, id_pytania, id_kierunku) VALUES (609,1,35,15);
INSERT INTO wartosc_oczekiwana (id_wartosci_oczekiwanej, wartosc, id_pytania, id_kierunku) VALUES (610,3,36,15);
INSERT INTO wartosc_oczekiwana (id_wartosci_oczekiwanej, wartosc, id_pytania, id_kierunku) VALUES (611,1,37,15);
INSERT INTO wartosc_oczekiwana (id_wartosci_oczekiwanej, wartosc, id_pytania, id_kierunku) VALUES (612,7,38,15);
INSERT INTO wartosc_oczekiwana (id_wartosci_oczekiwanej, wartosc, id_pytania, id_kierunku) VALUES (613,5,39,15);
INSERT INTO wartosc_oczekiwana (id_wartosci_oczekiwanej, wartosc, id_pytania, id_kierunku) VALUES (614,10,40,15);
INSERT INTO wartosc_oczekiwana (id_wartosci_oczekiwanej, wartosc, id_pytania, id_kierunku) VALUES (615,10,41,15);
INSERT INTO wartosc_oczekiwana (id_wartosci_oczekiwanej, wartosc, id_pytania, id_kierunku) VALUES (616,5,1,16);
INSERT INTO wartosc_oczekiwana (id_wartosci_oczekiwanej, wartosc, id_pytania, id_kierunku) VALUES (617,2,2,16);
INSERT INTO wartosc_oczekiwana (id_wartosci_oczekiwanej, wartosc, id_pytania, id_kierunku) VALUES (618,4,3,16);
INSERT INTO wartosc_oczekiwana (id_wartosci_oczekiwanej, wartosc, id_pytania, id_kierunku) VALUES (619,5,4,16);
INSERT INTO wartosc_oczekiwana (id_wartosci_oczekiwanej, wartosc, id_pytania, id_kierunku) VALUES (620,8,5,16);
INSERT INTO wartosc_oczekiwana (id_wartosci_oczekiwanej, wartosc, id_pytania, id_kierunku) VALUES (621,3,6,16);
INSERT INTO wartosc_oczekiwana (id_wartosci_oczekiwanej, wartosc, id_pytania, id_kierunku) VALUES (622,2,7,16);
INSERT INTO wartosc_oczekiwana (id_wartosci_oczekiwanej, wartosc, id_pytania, id_kierunku) VALUES (623,2,8,16);
INSERT INTO wartosc_oczekiwana (id_wartosci_oczekiwanej, wartosc, id_pytania, id_kierunku) VALUES (624,8,9,16);
INSERT INTO wartosc_oczekiwana (id_wartosci_oczekiwanej, wartosc, id_pytania, id_kierunku) VALUES (625,9,10,16);
INSERT INTO wartosc_oczekiwana (id_wartosci_oczekiwanej, wartosc, id_pytania, id_kierunku) VALUES (626,7,11,16);
INSERT INTO wartosc_oczekiwana (id_wartosci_oczekiwanej, wartosc, id_pytania, id_kierunku) VALUES (627,10,12,16);
INSERT INTO wartosc_oczekiwana (id_wartosci_oczekiwanej, wartosc, id_pytania, id_kierunku) VALUES (628,2,13,16);
INSERT INTO wartosc_oczekiwana (id_wartosci_oczekiwanej, wartosc, id_pytania, id_kierunku) VALUES (629,4,14,16);
INSERT INTO wartosc_oczekiwana (id_wartosci_oczekiwanej, wartosc, id_pytania, id_kierunku) VALUES (630,9,15,16);
INSERT INTO wartosc_oczekiwana (id_wartosci_oczekiwanej, wartosc, id_pytania, id_kierunku) VALUES (631,7,16,16);
INSERT INTO wartosc_oczekiwana (id_wartosci_oczekiwanej, wartosc, id_pytania, id_kierunku) VALUES (632,7,17,16);
INSERT INTO wartosc_oczekiwana (id_wartosci_oczekiwanej, wartosc, id_pytania, id_kierunku) VALUES (633,10,18,16);
INSERT INTO wartosc_oczekiwana (id_wartosci_oczekiwanej, wartosc, id_pytania, id_kierunku) VALUES (634,8,19,16);
INSERT INTO wartosc_oczekiwana (id_wartosci_oczekiwanej, wartosc, id_pytania, id_kierunku) VALUES (635,7,20,16);
INSERT INTO wartosc_oczekiwana (id_wartosci_oczekiwanej, wartosc, id_pytania, id_kierunku) VALUES (636,2,21,16);
INSERT INTO wartosc_oczekiwana (id_wartosci_oczekiwanej, wartosc, id_pytania, id_kierunku) VALUES (637,6,22,16);
INSERT INTO wartosc_oczekiwana (id_wartosci_oczekiwanej, wartosc, id_pytania, id_kierunku) VALUES (638,3,23,16);
INSERT INTO wartosc_oczekiwana (id_wartosci_oczekiwanej, wartosc, id_pytania, id_kierunku) VALUES (639,2,24,16);
INSERT INTO wartosc_oczekiwana (id_wartosci_oczekiwanej, wartosc, id_pytania, id_kierunku) VALUES (640,3,25,16);
INSERT INTO wartosc_oczekiwana (id_wartosci_oczekiwanej, wartosc, id_pytania, id_kierunku) VALUES (641,4,26,16);
INSERT INTO wartosc_oczekiwana (id_wartosci_oczekiwanej, wartosc, id_pytania, id_kierunku) VALUES (642,4,27,16);
INSERT INTO wartosc_oczekiwana (id_wartosci_oczekiwanej, wartosc, id_pytania, id_kierunku) VALUES (643,10,28,16);
INSERT INTO wartosc_oczekiwana (id_wartosci_oczekiwanej, wartosc, id_pytania, id_kierunku) VALUES (644,5,29,16);
INSERT INTO wartosc_oczekiwana (id_wartosci_oczekiwanej, wartosc, id_pytania, id_kierunku) VALUES (645,10,30,16);
INSERT INTO wartosc_oczekiwana (id_wartosci_oczekiwanej, wartosc, id_pytania, id_kierunku) VALUES (646,3,31,16);
INSERT INTO wartosc_oczekiwana (id_wartosci_oczekiwanej, wartosc, id_pytania, id_kierunku) VALUES (647,8,32,16);
INSERT INTO wartosc_oczekiwana (id_wartosci_oczekiwanej, wartosc, id_pytania, id_kierunku) VALUES (648,7,33,16);
INSERT INTO wartosc_oczekiwana (id_wartosci_oczekiwanej, wartosc, id_pytania, id_kierunku) VALUES (649,7,34,16);
INSERT INTO wartosc_oczekiwana (id_wartosci_oczekiwanej, wartosc, id_pytania, id_kierunku) VALUES (650,4,35,16);
INSERT INTO wartosc_oczekiwana (id_wartosci_oczekiwanej, wartosc, id_pytania, id_kierunku) VALUES (651,8,36,16);
INSERT INTO wartosc_oczekiwana (id_wartosci_oczekiwanej, wartosc, id_pytania, id_kierunku) VALUES (652,3,37,16);
INSERT INTO wartosc_oczekiwana (id_wartosci_oczekiwanej, wartosc, id_pytania, id_kierunku) VALUES (653,10,38,16);
INSERT INTO wartosc_oczekiwana (id_wartosci_oczekiwanej, wartosc, id_pytania, id_kierunku) VALUES (654,4,39,16);
INSERT INTO wartosc_oczekiwana (id_wartosci_oczekiwanej, wartosc, id_pytania, id_kierunku) VALUES (655,10,40,16);
INSERT INTO wartosc_oczekiwana (id_wartosci_oczekiwanej, wartosc, id_pytania, id_kierunku) VALUES (656,5,41,16);
INSERT INTO wartosc_oczekiwana (id_wartosci_oczekiwanej, wartosc, id_pytania, id_kierunku) VALUES (657,10,1,17);
INSERT INTO wartosc_oczekiwana (id_wartosci_oczekiwanej, wartosc, id_pytania, id_kierunku) VALUES (658,8,2,17);
INSERT INTO wartosc_oczekiwana (id_wartosci_oczekiwanej, wartosc, id_pytania, id_kierunku) VALUES (659,2,3,17);
INSERT INTO wartosc_oczekiwana (id_wartosci_oczekiwanej, wartosc, id_pytania, id_kierunku) VALUES (660,2,4,17);
INSERT INTO wartosc_oczekiwana (id_wartosci_oczekiwanej, wartosc, id_pytania, id_kierunku) VALUES (661,4,5,17);
INSERT INTO wartosc_oczekiwana (id_wartosci_oczekiwanej, wartosc, id_pytania, id_kierunku) VALUES (662,5,6,17);
INSERT INTO wartosc_oczekiwana (id_wartosci_oczekiwanej, wartosc, id_pytania, id_kierunku) VALUES (663,8,7,17);
INSERT INTO wartosc_oczekiwana (id_wartosci_oczekiwanej, wartosc, id_pytania, id_kierunku) VALUES (664,1,8,17);
INSERT INTO wartosc_oczekiwana (id_wartosci_oczekiwanej, wartosc, id_pytania, id_kierunku) VALUES (665,4,9,17);
INSERT INTO wartosc_oczekiwana (id_wartosci_oczekiwanej, wartosc, id_pytania, id_kierunku) VALUES (666,4,10,17);
INSERT INTO wartosc_oczekiwana (id_wartosci_oczekiwanej, wartosc, id_pytania, id_kierunku) VALUES (667,4,11,17);
INSERT INTO wartosc_oczekiwana (id_wartosci_oczekiwanej, wartosc, id_pytania, id_kierunku) VALUES (668,8,12,17);
INSERT INTO wartosc_oczekiwana (id_wartosci_oczekiwanej, wartosc, id_pytania, id_kierunku) VALUES (669,6,13,17);
INSERT INTO wartosc_oczekiwana (id_wartosci_oczekiwanej, wartosc, id_pytania, id_kierunku) VALUES (670,8,14,17);
INSERT INTO wartosc_oczekiwana (id_wartosci_oczekiwanej, wartosc, id_pytania, id_kierunku) VALUES (671,9,15,17);
INSERT INTO wartosc_oczekiwana (id_wartosci_oczekiwanej, wartosc, id_pytania, id_kierunku) VALUES (672,5,16,17);
INSERT INTO wartosc_oczekiwana (id_wartosci_oczekiwanej, wartosc, id_pytania, id_kierunku) VALUES (673,3,17,17);
INSERT INTO wartosc_oczekiwana (id_wartosci_oczekiwanej, wartosc, id_pytania, id_kierunku) VALUES (674,1,18,17);
INSERT INTO wartosc_oczekiwana (id_wartosci_oczekiwanej, wartosc, id_pytania, id_kierunku) VALUES (675,6,19,17);
INSERT INTO wartosc_oczekiwana (id_wartosci_oczekiwanej, wartosc, id_pytania, id_kierunku) VALUES (676,6,20,17);
INSERT INTO wartosc_oczekiwana (id_wartosci_oczekiwanej, wartosc, id_pytania, id_kierunku) VALUES (677,5,21,17);
INSERT INTO wartosc_oczekiwana (id_wartosci_oczekiwanej, wartosc, id_pytania, id_kierunku) VALUES (678,5,22,17);
INSERT INTO wartosc_oczekiwana (id_wartosci_oczekiwanej, wartosc, id_pytania, id_kierunku) VALUES (679,6,23,17);
INSERT INTO wartosc_oczekiwana (id_wartosci_oczekiwanej, wartosc, id_pytania, id_kierunku) VALUES (680,1,24,17);
INSERT INTO wartosc_oczekiwana (id_wartosci_oczekiwanej, wartosc, id_pytania, id_kierunku) VALUES (681,4,25,17);
INSERT INTO wartosc_oczekiwana (id_wartosci_oczekiwanej, wartosc, id_pytania, id_kierunku) VALUES (682,9,26,17);
INSERT INTO wartosc_oczekiwana (id_wartosci_oczekiwanej, wartosc, id_pytania, id_kierunku) VALUES (683,8,27,17);
INSERT INTO wartosc_oczekiwana (id_wartosci_oczekiwanej, wartosc, id_pytania, id_kierunku) VALUES (684,4,28,17);
INSERT INTO wartosc_oczekiwana (id_wartosci_oczekiwanej, wartosc, id_pytania, id_kierunku) VALUES (685,7,29,17);
INSERT INTO wartosc_oczekiwana (id_wartosci_oczekiwanej, wartosc, id_pytania, id_kierunku) VALUES (686,7,30,17);
INSERT INTO wartosc_oczekiwana (id_wartosci_oczekiwanej, wartosc, id_pytania, id_kierunku) VALUES (687,6,31,17);
INSERT INTO wartosc_oczekiwana (id_wartosci_oczekiwanej, wartosc, id_pytania, id_kierunku) VALUES (688,1,32,17);
INSERT INTO wartosc_oczekiwana (id_wartosci_oczekiwanej, wartosc, id_pytania, id_kierunku) VALUES (689,9,33,17);
INSERT INTO wartosc_oczekiwana (id_wartosci_oczekiwanej, wartosc, id_pytania, id_kierunku) VALUES (690,1,34,17);
INSERT INTO wartosc_oczekiwana (id_wartosci_oczekiwanej, wartosc, id_pytania, id_kierunku) VALUES (691,2,35,17);
INSERT INTO wartosc_oczekiwana (id_wartosci_oczekiwanej, wartosc, id_pytania, id_kierunku) VALUES (692,9,36,17);
INSERT INTO wartosc_oczekiwana (id_wartosci_oczekiwanej, wartosc, id_pytania, id_kierunku) VALUES (693,3,37,17);
INSERT INTO wartosc_oczekiwana (id_wartosci_oczekiwanej, wartosc, id_pytania, id_kierunku) VALUES (694,3,38,17);
INSERT INTO wartosc_oczekiwana (id_wartosci_oczekiwanej, wartosc, id_pytania, id_kierunku) VALUES (695,1,39,17);
INSERT INTO wartosc_oczekiwana (id_wartosci_oczekiwanej, wartosc, id_pytania, id_kierunku) VALUES (696,2,40,17);
INSERT INTO wartosc_oczekiwana (id_wartosci_oczekiwanej, wartosc, id_pytania, id_kierunku) VALUES (697,2,41,17);
INSERT INTO wartosc_oczekiwana (id_wartosci_oczekiwanej, wartosc, id_pytania, id_kierunku) VALUES (698,9,1,18);
INSERT INTO wartosc_oczekiwana (id_wartosci_oczekiwanej, wartosc, id_pytania, id_kierunku) VALUES (699,3,2,18);
INSERT INTO wartosc_oczekiwana (id_wartosci_oczekiwanej, wartosc, id_pytania, id_kierunku) VALUES (700,6,3,18);
INSERT INTO wartosc_oczekiwana (id_wartosci_oczekiwanej, wartosc, id_pytania, id_kierunku) VALUES (701,5,4,18);
INSERT INTO wartosc_oczekiwana (id_wartosci_oczekiwanej, wartosc, id_pytania, id_kierunku) VALUES (702,2,5,18);
INSERT INTO wartosc_oczekiwana (id_wartosci_oczekiwanej, wartosc, id_pytania, id_kierunku) VALUES (703,9,6,18);
INSERT INTO wartosc_oczekiwana (id_wartosci_oczekiwanej, wartosc, id_pytania, id_kierunku) VALUES (704,4,7,18);
INSERT INTO wartosc_oczekiwana (id_wartosci_oczekiwanej, wartosc, id_pytania, id_kierunku) VALUES (705,10,8,18);
INSERT INTO wartosc_oczekiwana (id_wartosci_oczekiwanej, wartosc, id_pytania, id_kierunku) VALUES (706,10,9,18);
INSERT INTO wartosc_oczekiwana (id_wartosci_oczekiwanej, wartosc, id_pytania, id_kierunku) VALUES (707,10,10,18);
INSERT INTO wartosc_oczekiwana (id_wartosci_oczekiwanej, wartosc, id_pytania, id_kierunku) VALUES (708,7,11,18);
INSERT INTO wartosc_oczekiwana (id_wartosci_oczekiwanej, wartosc, id_pytania, id_kierunku) VALUES (709,8,12,18);
INSERT INTO wartosc_oczekiwana (id_wartosci_oczekiwanej, wartosc, id_pytania, id_kierunku) VALUES (710,7,13,18);
INSERT INTO wartosc_oczekiwana (id_wartosci_oczekiwanej, wartosc, id_pytania, id_kierunku) VALUES (711,7,14,18);
INSERT INTO wartosc_oczekiwana (id_wartosci_oczekiwanej, wartosc, id_pytania, id_kierunku) VALUES (712,8,15,18);
INSERT INTO wartosc_oczekiwana (id_wartosci_oczekiwanej, wartosc, id_pytania, id_kierunku) VALUES (713,1,16,18);
INSERT INTO wartosc_oczekiwana (id_wartosci_oczekiwanej, wartosc, id_pytania, id_kierunku) VALUES (714,5,17,18);
INSERT INTO wartosc_oczekiwana (id_wartosci_oczekiwanej, wartosc, id_pytania, id_kierunku) VALUES (715,1,18,18);
INSERT INTO wartosc_oczekiwana (id_wartosci_oczekiwanej, wartosc, id_pytania, id_kierunku) VALUES (716,2,19,18);
INSERT INTO wartosc_oczekiwana (id_wartosci_oczekiwanej, wartosc, id_pytania, id_kierunku) VALUES (717,1,20,18);
INSERT INTO wartosc_oczekiwana (id_wartosci_oczekiwanej, wartosc, id_pytania, id_kierunku) VALUES (718,2,21,18);
INSERT INTO wartosc_oczekiwana (id_wartosci_oczekiwanej, wartosc, id_pytania, id_kierunku) VALUES (719,3,22,18);
INSERT INTO wartosc_oczekiwana (id_wartosci_oczekiwanej, wartosc, id_pytania, id_kierunku) VALUES (720,1,23,18);
INSERT INTO wartosc_oczekiwana (id_wartosci_oczekiwanej, wartosc, id_pytania, id_kierunku) VALUES (721,5,24,18);
INSERT INTO wartosc_oczekiwana (id_wartosci_oczekiwanej, wartosc, id_pytania, id_kierunku) VALUES (722,2,25,18);
INSERT INTO wartosc_oczekiwana (id_wartosci_oczekiwanej, wartosc, id_pytania, id_kierunku) VALUES (723,7,26,18);
INSERT INTO wartosc_oczekiwana (id_wartosci_oczekiwanej, wartosc, id_pytania, id_kierunku) VALUES (724,4,27,18);
INSERT INTO wartosc_oczekiwana (id_wartosci_oczekiwanej, wartosc, id_pytania, id_kierunku) VALUES (725,2,28,18);
INSERT INTO wartosc_oczekiwana (id_wartosci_oczekiwanej, wartosc, id_pytania, id_kierunku) VALUES (726,9,29,18);
INSERT INTO wartosc_oczekiwana (id_wartosci_oczekiwanej, wartosc, id_pytania, id_kierunku) VALUES (727,10,30,18);
INSERT INTO wartosc_oczekiwana (id_wartosci_oczekiwanej, wartosc, id_pytania, id_kierunku) VALUES (728,3,31,18);
INSERT INTO wartosc_oczekiwana (id_wartosci_oczekiwanej, wartosc, id_pytania, id_kierunku) VALUES (729,8,32,18);
INSERT INTO wartosc_oczekiwana (id_wartosci_oczekiwanej, wartosc, id_pytania, id_kierunku) VALUES (730,3,33,18);
INSERT INTO wartosc_oczekiwana (id_wartosci_oczekiwanej, wartosc, id_pytania, id_kierunku) VALUES (731,9,34,18);
INSERT INTO wartosc_oczekiwana (id_wartosci_oczekiwanej, wartosc, id_pytania, id_kierunku) VALUES (732,3,35,18);
INSERT INTO wartosc_oczekiwana (id_wartosci_oczekiwanej, wartosc, id_pytania, id_kierunku) VALUES (733,1,36,18);
INSERT INTO wartosc_oczekiwana (id_wartosci_oczekiwanej, wartosc, id_pytania, id_kierunku) VALUES (734,9,37,18);
INSERT INTO wartosc_oczekiwana (id_wartosci_oczekiwanej, wartosc, id_pytania, id_kierunku) VALUES (735,1,38,18);
INSERT INTO wartosc_oczekiwana (id_wartosci_oczekiwanej, wartosc, id_pytania, id_kierunku) VALUES (736,6,39,18);
INSERT INTO wartosc_oczekiwana (id_wartosci_oczekiwanej, wartosc, id_pytania, id_kierunku) VALUES (737,8,40,18);
INSERT INTO wartosc_oczekiwana (id_wartosci_oczekiwanej, wartosc, id_pytania, id_kierunku) VALUES (738,8,41,18);
INSERT INTO wartosc_oczekiwana (id_wartosci_oczekiwanej, wartosc, id_pytania, id_kierunku) VALUES (739,7,1,19);
INSERT INTO wartosc_oczekiwana (id_wartosci_oczekiwanej, wartosc, id_pytania, id_kierunku) VALUES (740,8,2,19);
INSERT INTO wartosc_oczekiwana (id_wartosci_oczekiwanej, wartosc, id_pytania, id_kierunku) VALUES (741,1,3,19);
INSERT INTO wartosc_oczekiwana (id_wartosci_oczekiwanej, wartosc, id_pytania, id_kierunku) VALUES (742,2,4,19);
INSERT INTO wartosc_oczekiwana (id_wartosci_oczekiwanej, wartosc, id_pytania, id_kierunku) VALUES (743,8,5,19);
INSERT INTO wartosc_oczekiwana (id_wartosci_oczekiwanej, wartosc, id_pytania, id_kierunku) VALUES (744,3,6,19);
INSERT INTO wartosc_oczekiwana (id_wartosci_oczekiwanej, wartosc, id_pytania, id_kierunku) VALUES (745,8,7,19);
INSERT INTO wartosc_oczekiwana (id_wartosci_oczekiwanej, wartosc, id_pytania, id_kierunku) VALUES (746,2,8,19);
INSERT INTO wartosc_oczekiwana (id_wartosci_oczekiwanej, wartosc, id_pytania, id_kierunku) VALUES (747,8,9,19);
INSERT INTO wartosc_oczekiwana (id_wartosci_oczekiwanej, wartosc, id_pytania, id_kierunku) VALUES (748,7,10,19);
INSERT INTO wartosc_oczekiwana (id_wartosci_oczekiwanej, wartosc, id_pytania, id_kierunku) VALUES (749,7,11,19);
INSERT INTO wartosc_oczekiwana (id_wartosci_oczekiwanej, wartosc, id_pytania, id_kierunku) VALUES (750,10,12,19);
INSERT INTO wartosc_oczekiwana (id_wartosci_oczekiwanej, wartosc, id_pytania, id_kierunku) VALUES (751,10,13,19);
INSERT INTO wartosc_oczekiwana (id_wartosci_oczekiwanej, wartosc, id_pytania, id_kierunku) VALUES (752,2,14,19);
INSERT INTO wartosc_oczekiwana (id_wartosci_oczekiwanej, wartosc, id_pytania, id_kierunku) VALUES (753,10,15,19);
INSERT INTO wartosc_oczekiwana (id_wartosci_oczekiwanej, wartosc, id_pytania, id_kierunku) VALUES (754,8,16,19);
INSERT INTO wartosc_oczekiwana (id_wartosci_oczekiwanej, wartosc, id_pytania, id_kierunku) VALUES (755,6,17,19);
INSERT INTO wartosc_oczekiwana (id_wartosci_oczekiwanej, wartosc, id_pytania, id_kierunku) VALUES (756,10,18,19);
INSERT INTO wartosc_oczekiwana (id_wartosci_oczekiwanej, wartosc, id_pytania, id_kierunku) VALUES (757,1,19,19);
INSERT INTO wartosc_oczekiwana (id_wartosci_oczekiwanej, wartosc, id_pytania, id_kierunku) VALUES (758,7,20,19);
INSERT INTO wartosc_oczekiwana (id_wartosci_oczekiwanej, wartosc, id_pytania, id_kierunku) VALUES (759,4,21,19);
INSERT INTO wartosc_oczekiwana (id_wartosci_oczekiwanej, wartosc, id_pytania, id_kierunku) VALUES (760,1,22,19);
INSERT INTO wartosc_oczekiwana (id_wartosci_oczekiwanej, wartosc, id_pytania, id_kierunku) VALUES (761,6,23,19);
INSERT INTO wartosc_oczekiwana (id_wartosci_oczekiwanej, wartosc, id_pytania, id_kierunku) VALUES (762,9,24,19);
INSERT INTO wartosc_oczekiwana (id_wartosci_oczekiwanej, wartosc, id_pytania, id_kierunku) VALUES (763,5,25,19);
INSERT INTO wartosc_oczekiwana (id_wartosci_oczekiwanej, wartosc, id_pytania, id_kierunku) VALUES (764,5,26,19);
INSERT INTO wartosc_oczekiwana (id_wartosci_oczekiwanej, wartosc, id_pytania, id_kierunku) VALUES (765,2,27,19);
INSERT INTO wartosc_oczekiwana (id_wartosci_oczekiwanej, wartosc, id_pytania, id_kierunku) VALUES (766,10,28,19);
INSERT INTO wartosc_oczekiwana (id_wartosci_oczekiwanej, wartosc, id_pytania, id_kierunku) VALUES (767,1,29,19);
INSERT INTO wartosc_oczekiwana (id_wartosci_oczekiwanej, wartosc, id_pytania, id_kierunku) VALUES (768,4,30,19);
INSERT INTO wartosc_oczekiwana (id_wartosci_oczekiwanej, wartosc, id_pytania, id_kierunku) VALUES (769,9,31,19);
INSERT INTO wartosc_oczekiwana (id_wartosci_oczekiwanej, wartosc, id_pytania, id_kierunku) VALUES (770,10,32,19);
INSERT INTO wartosc_oczekiwana (id_wartosci_oczekiwanej, wartosc, id_pytania, id_kierunku) VALUES (771,9,33,19);
INSERT INTO wartosc_oczekiwana (id_wartosci_oczekiwanej, wartosc, id_pytania, id_kierunku) VALUES (772,2,34,19);
INSERT INTO wartosc_oczekiwana (id_wartosci_oczekiwanej, wartosc, id_pytania, id_kierunku) VALUES (773,2,35,19);
INSERT INTO wartosc_oczekiwana (id_wartosci_oczekiwanej, wartosc, id_pytania, id_kierunku) VALUES (774,5,36,19);
INSERT INTO wartosc_oczekiwana (id_wartosci_oczekiwanej, wartosc, id_pytania, id_kierunku) VALUES (775,2,37,19);
INSERT INTO wartosc_oczekiwana (id_wartosci_oczekiwanej, wartosc, id_pytania, id_kierunku) VALUES (776,10,38,19);
INSERT INTO wartosc_oczekiwana (id_wartosci_oczekiwanej, wartosc, id_pytania, id_kierunku) VALUES (777,9,39,19);
INSERT INTO wartosc_oczekiwana (id_wartosci_oczekiwanej, wartosc, id_pytania, id_kierunku) VALUES (778,5,40,19);
INSERT INTO wartosc_oczekiwana (id_wartosci_oczekiwanej, wartosc, id_pytania, id_kierunku) VALUES (779,3,41,19);
INSERT INTO wartosc_oczekiwana (id_wartosci_oczekiwanej, wartosc, id_pytania, id_kierunku) VALUES (780,5,1,20);
INSERT INTO wartosc_oczekiwana (id_wartosci_oczekiwanej, wartosc, id_pytania, id_kierunku) VALUES (781,9,2,20);
INSERT INTO wartosc_oczekiwana (id_wartosci_oczekiwanej, wartosc, id_pytania, id_kierunku) VALUES (782,3,3,20);
INSERT INTO wartosc_oczekiwana (id_wartosci_oczekiwanej, wartosc, id_pytania, id_kierunku) VALUES (783,10,4,20);
INSERT INTO wartosc_oczekiwana (id_wartosci_oczekiwanej, wartosc, id_pytania, id_kierunku) VALUES (784,3,5,20);
INSERT INTO wartosc_oczekiwana (id_wartosci_oczekiwanej, wartosc, id_pytania, id_kierunku) VALUES (785,4,6,20);
INSERT INTO wartosc_oczekiwana (id_wartosci_oczekiwanej, wartosc, id_pytania, id_kierunku) VALUES (786,6,7,20);
INSERT INTO wartosc_oczekiwana (id_wartosci_oczekiwanej, wartosc, id_pytania, id_kierunku) VALUES (787,2,8,20);
INSERT INTO wartosc_oczekiwana (id_wartosci_oczekiwanej, wartosc, id_pytania, id_kierunku) VALUES (788,9,9,20);
INSERT INTO wartosc_oczekiwana (id_wartosci_oczekiwanej, wartosc, id_pytania, id_kierunku) VALUES (789,1,10,20);
INSERT INTO wartosc_oczekiwana (id_wartosci_oczekiwanej, wartosc, id_pytania, id_kierunku) VALUES (790,8,11,20);
INSERT INTO wartosc_oczekiwana (id_wartosci_oczekiwanej, wartosc, id_pytania, id_kierunku) VALUES (791,5,12,20);
INSERT INTO wartosc_oczekiwana (id_wartosci_oczekiwanej, wartosc, id_pytania, id_kierunku) VALUES (792,1,13,20);
INSERT INTO wartosc_oczekiwana (id_wartosci_oczekiwanej, wartosc, id_pytania, id_kierunku) VALUES (793,10,14,20);
INSERT INTO wartosc_oczekiwana (id_wartosci_oczekiwanej, wartosc, id_pytania, id_kierunku) VALUES (794,1,15,20);
INSERT INTO wartosc_oczekiwana (id_wartosci_oczekiwanej, wartosc, id_pytania, id_kierunku) VALUES (795,4,16,20);
INSERT INTO wartosc_oczekiwana (id_wartosci_oczekiwanej, wartosc, id_pytania, id_kierunku) VALUES (796,5,17,20);
INSERT INTO wartosc_oczekiwana (id_wartosci_oczekiwanej, wartosc, id_pytania, id_kierunku) VALUES (797,4,18,20);
INSERT INTO wartosc_oczekiwana (id_wartosci_oczekiwanej, wartosc, id_pytania, id_kierunku) VALUES (798,3,19,20);
INSERT INTO wartosc_oczekiwana (id_wartosci_oczekiwanej, wartosc, id_pytania, id_kierunku) VALUES (799,2,20,20);
INSERT INTO wartosc_oczekiwana (id_wartosci_oczekiwanej, wartosc, id_pytania, id_kierunku) VALUES (800,7,21,20);
INSERT INTO wartosc_oczekiwana (id_wartosci_oczekiwanej, wartosc, id_pytania, id_kierunku) VALUES (801,1,22,20);
INSERT INTO wartosc_oczekiwana (id_wartosci_oczekiwanej, wartosc, id_pytania, id_kierunku) VALUES (802,8,23,20);
INSERT INTO wartosc_oczekiwana (id_wartosci_oczekiwanej, wartosc, id_pytania, id_kierunku) VALUES (803,3,24,20);
INSERT INTO wartosc_oczekiwana (id_wartosci_oczekiwanej, wartosc, id_pytania, id_kierunku) VALUES (804,2,25,20);
INSERT INTO wartosc_oczekiwana (id_wartosci_oczekiwanej, wartosc, id_pytania, id_kierunku) VALUES (805,3,26,20);
INSERT INTO wartosc_oczekiwana (id_wartosci_oczekiwanej, wartosc, id_pytania, id_kierunku) VALUES (806,9,27,20);
INSERT INTO wartosc_oczekiwana (id_wartosci_oczekiwanej, wartosc, id_pytania, id_kierunku) VALUES (807,10,28,20);
INSERT INTO wartosc_oczekiwana (id_wartosci_oczekiwanej, wartosc, id_pytania, id_kierunku) VALUES (808,1,29,20);
INSERT INTO wartosc_oczekiwana (id_wartosci_oczekiwanej, wartosc, id_pytania, id_kierunku) VALUES (809,8,30,20);
INSERT INTO wartosc_oczekiwana (id_wartosci_oczekiwanej, wartosc, id_pytania, id_kierunku) VALUES (810,6,31,20);
INSERT INTO wartosc_oczekiwana (id_wartosci_oczekiwanej, wartosc, id_pytania, id_kierunku) VALUES (811,9,32,20);
INSERT INTO wartosc_oczekiwana (id_wartosci_oczekiwanej, wartosc, id_pytania, id_kierunku) VALUES (812,4,33,20);
INSERT INTO wartosc_oczekiwana (id_wartosci_oczekiwanej, wartosc, id_pytania, id_kierunku) VALUES (813,5,34,20);
INSERT INTO wartosc_oczekiwana (id_wartosci_oczekiwanej, wartosc, id_pytania, id_kierunku) VALUES (814,1,35,20);
INSERT INTO wartosc_oczekiwana (id_wartosci_oczekiwanej, wartosc, id_pytania, id_kierunku) VALUES (815,7,36,20);
INSERT INTO wartosc_oczekiwana (id_wartosci_oczekiwanej, wartosc, id_pytania, id_kierunku) VALUES (816,8,37,20);
INSERT INTO wartosc_oczekiwana (id_wartosci_oczekiwanej, wartosc, id_pytania, id_kierunku) VALUES (817,3,38,20);
INSERT INTO wartosc_oczekiwana (id_wartosci_oczekiwanej, wartosc, id_pytania, id_kierunku) VALUES (818,4,39,20);
INSERT INTO wartosc_oczekiwana (id_wartosci_oczekiwanej, wartosc, id_pytania, id_kierunku) VALUES (819,4,40,20);
INSERT INTO wartosc_oczekiwana (id_wartosci_oczekiwanej, wartosc, id_pytania, id_kierunku) VALUES (820,2,41,20);
INSERT INTO wartosc_oczekiwana (id_wartosci_oczekiwanej, wartosc, id_pytania, id_kierunku) VALUES (821,4,1,21);
INSERT INTO wartosc_oczekiwana (id_wartosci_oczekiwanej, wartosc, id_pytania, id_kierunku) VALUES (822,3,2,21);
INSERT INTO wartosc_oczekiwana (id_wartosci_oczekiwanej, wartosc, id_pytania, id_kierunku) VALUES (823,6,3,21);
INSERT INTO wartosc_oczekiwana (id_wartosci_oczekiwanej, wartosc, id_pytania, id_kierunku) VALUES (824,10,4,21);
INSERT INTO wartosc_oczekiwana (id_wartosci_oczekiwanej, wartosc, id_pytania, id_kierunku) VALUES (825,8,5,21);
INSERT INTO wartosc_oczekiwana (id_wartosci_oczekiwanej, wartosc, id_pytania, id_kierunku) VALUES (826,3,6,21);
INSERT INTO wartosc_oczekiwana (id_wartosci_oczekiwanej, wartosc, id_pytania, id_kierunku) VALUES (827,7,7,21);
INSERT INTO wartosc_oczekiwana (id_wartosci_oczekiwanej, wartosc, id_pytania, id_kierunku) VALUES (828,4,8,21);
INSERT INTO wartosc_oczekiwana (id_wartosci_oczekiwanej, wartosc, id_pytania, id_kierunku) VALUES (829,9,9,21);
INSERT INTO wartosc_oczekiwana (id_wartosci_oczekiwanej, wartosc, id_pytania, id_kierunku) VALUES (830,8,10,21);
INSERT INTO wartosc_oczekiwana (id_wartosci_oczekiwanej, wartosc, id_pytania, id_kierunku) VALUES (831,5,11,21);
INSERT INTO wartosc_oczekiwana (id_wartosci_oczekiwanej, wartosc, id_pytania, id_kierunku) VALUES (832,9,12,21);
INSERT INTO wartosc_oczekiwana (id_wartosci_oczekiwanej, wartosc, id_pytania, id_kierunku) VALUES (833,10,13,21);
INSERT INTO wartosc_oczekiwana (id_wartosci_oczekiwanej, wartosc, id_pytania, id_kierunku) VALUES (834,6,14,21);
INSERT INTO wartosc_oczekiwana (id_wartosci_oczekiwanej, wartosc, id_pytania, id_kierunku) VALUES (835,2,15,21);
INSERT INTO wartosc_oczekiwana (id_wartosci_oczekiwanej, wartosc, id_pytania, id_kierunku) VALUES (836,10,16,21);
INSERT INTO wartosc_oczekiwana (id_wartosci_oczekiwanej, wartosc, id_pytania, id_kierunku) VALUES (837,8,17,21);
INSERT INTO wartosc_oczekiwana (id_wartosci_oczekiwanej, wartosc, id_pytania, id_kierunku) VALUES (838,9,18,21);
INSERT INTO wartosc_oczekiwana (id_wartosci_oczekiwanej, wartosc, id_pytania, id_kierunku) VALUES (839,3,19,21);
INSERT INTO wartosc_oczekiwana (id_wartosci_oczekiwanej, wartosc, id_pytania, id_kierunku) VALUES (840,8,20,21);
INSERT INTO wartosc_oczekiwana (id_wartosci_oczekiwanej, wartosc, id_pytania, id_kierunku) VALUES (841,8,21,21);
INSERT INTO wartosc_oczekiwana (id_wartosci_oczekiwanej, wartosc, id_pytania, id_kierunku) VALUES (842,10,22,21);
INSERT INTO wartosc_oczekiwana (id_wartosci_oczekiwanej, wartosc, id_pytania, id_kierunku) VALUES (843,4,23,21);
INSERT INTO wartosc_oczekiwana (id_wartosci_oczekiwanej, wartosc, id_pytania, id_kierunku) VALUES (844,10,24,21);
INSERT INTO wartosc_oczekiwana (id_wartosci_oczekiwanej, wartosc, id_pytania, id_kierunku) VALUES (845,7,25,21);
INSERT INTO wartosc_oczekiwana (id_wartosci_oczekiwanej, wartosc, id_pytania, id_kierunku) VALUES (846,10,26,21);
INSERT INTO wartosc_oczekiwana (id_wartosci_oczekiwanej, wartosc, id_pytania, id_kierunku) VALUES (847,1,27,21);
INSERT INTO wartosc_oczekiwana (id_wartosci_oczekiwanej, wartosc, id_pytania, id_kierunku) VALUES (848,1,28,21);
INSERT INTO wartosc_oczekiwana (id_wartosci_oczekiwanej, wartosc, id_pytania, id_kierunku) VALUES (849,3,29,21);
INSERT INTO wartosc_oczekiwana (id_wartosci_oczekiwanej, wartosc, id_pytania, id_kierunku) VALUES (850,8,30,21);
INSERT INTO wartosc_oczekiwana (id_wartosci_oczekiwanej, wartosc, id_pytania, id_kierunku) VALUES (851,5,31,21);
INSERT INTO wartosc_oczekiwana (id_wartosci_oczekiwanej, wartosc, id_pytania, id_kierunku) VALUES (852,2,32,21);
INSERT INTO wartosc_oczekiwana (id_wartosci_oczekiwanej, wartosc, id_pytania, id_kierunku) VALUES (853,5,33,21);
INSERT INTO wartosc_oczekiwana (id_wartosci_oczekiwanej, wartosc, id_pytania, id_kierunku) VALUES (854,1,34,21);
INSERT INTO wartosc_oczekiwana (id_wartosci_oczekiwanej, wartosc, id_pytania, id_kierunku) VALUES (855,10,35,21);
INSERT INTO wartosc_oczekiwana (id_wartosci_oczekiwanej, wartosc, id_pytania, id_kierunku) VALUES (856,10,36,21);
INSERT INTO wartosc_oczekiwana (id_wartosci_oczekiwanej, wartosc, id_pytania, id_kierunku) VALUES (857,9,37,21);
INSERT INTO wartosc_oczekiwana (id_wartosci_oczekiwanej, wartosc, id_pytania, id_kierunku) VALUES (858,10,38,21);
INSERT INTO wartosc_oczekiwana (id_wartosci_oczekiwanej, wartosc, id_pytania, id_kierunku) VALUES (859,5,39,21);
INSERT INTO wartosc_oczekiwana (id_wartosci_oczekiwanej, wartosc, id_pytania, id_kierunku) VALUES (860,2,40,21);
INSERT INTO wartosc_oczekiwana (id_wartosci_oczekiwanej, wartosc, id_pytania, id_kierunku) VALUES (861,1,41,21);
INSERT INTO wartosc_oczekiwana (id_wartosci_oczekiwanej, wartosc, id_pytania, id_kierunku) VALUES (862,10,1,22);
INSERT INTO wartosc_oczekiwana (id_wartosci_oczekiwanej, wartosc, id_pytania, id_kierunku) VALUES (863,1,2,22);
INSERT INTO wartosc_oczekiwana (id_wartosci_oczekiwanej, wartosc, id_pytania, id_kierunku) VALUES (864,3,3,22);
INSERT INTO wartosc_oczekiwana (id_wartosci_oczekiwanej, wartosc, id_pytania, id_kierunku) VALUES (865,10,4,22);
INSERT INTO wartosc_oczekiwana (id_wartosci_oczekiwanej, wartosc, id_pytania, id_kierunku) VALUES (866,2,5,22);
INSERT INTO wartosc_oczekiwana (id_wartosci_oczekiwanej, wartosc, id_pytania, id_kierunku) VALUES (867,5,6,22);
INSERT INTO wartosc_oczekiwana (id_wartosci_oczekiwanej, wartosc, id_pytania, id_kierunku) VALUES (868,1,7,22);
INSERT INTO wartosc_oczekiwana (id_wartosci_oczekiwanej, wartosc, id_pytania, id_kierunku) VALUES (869,3,8,22);
INSERT INTO wartosc_oczekiwana (id_wartosci_oczekiwanej, wartosc, id_pytania, id_kierunku) VALUES (870,10,9,22);
INSERT INTO wartosc_oczekiwana (id_wartosci_oczekiwanej, wartosc, id_pytania, id_kierunku) VALUES (871,8,10,22);
INSERT INTO wartosc_oczekiwana (id_wartosci_oczekiwanej, wartosc, id_pytania, id_kierunku) VALUES (872,6,11,22);
INSERT INTO wartosc_oczekiwana (id_wartosci_oczekiwanej, wartosc, id_pytania, id_kierunku) VALUES (873,9,12,22);
INSERT INTO wartosc_oczekiwana (id_wartosci_oczekiwanej, wartosc, id_pytania, id_kierunku) VALUES (874,3,13,22);
INSERT INTO wartosc_oczekiwana (id_wartosci_oczekiwanej, wartosc, id_pytania, id_kierunku) VALUES (875,1,14,22);
INSERT INTO wartosc_oczekiwana (id_wartosci_oczekiwanej, wartosc, id_pytania, id_kierunku) VALUES (876,9,15,22);
INSERT INTO wartosc_oczekiwana (id_wartosci_oczekiwanej, wartosc, id_pytania, id_kierunku) VALUES (877,5,16,22);
INSERT INTO wartosc_oczekiwana (id_wartosci_oczekiwanej, wartosc, id_pytania, id_kierunku) VALUES (878,5,17,22);
INSERT INTO wartosc_oczekiwana (id_wartosci_oczekiwanej, wartosc, id_pytania, id_kierunku) VALUES (879,5,18,22);
INSERT INTO wartosc_oczekiwana (id_wartosci_oczekiwanej, wartosc, id_pytania, id_kierunku) VALUES (880,4,19,22);
INSERT INTO wartosc_oczekiwana (id_wartosci_oczekiwanej, wartosc, id_pytania, id_kierunku) VALUES (881,10,20,22);
INSERT INTO wartosc_oczekiwana (id_wartosci_oczekiwanej, wartosc, id_pytania, id_kierunku) VALUES (882,8,21,22);
INSERT INTO wartosc_oczekiwana (id_wartosci_oczekiwanej, wartosc, id_pytania, id_kierunku) VALUES (883,9,22,22);
INSERT INTO wartosc_oczekiwana (id_wartosci_oczekiwanej, wartosc, id_pytania, id_kierunku) VALUES (884,9,23,22);
INSERT INTO wartosc_oczekiwana (id_wartosci_oczekiwanej, wartosc, id_pytania, id_kierunku) VALUES (885,10,24,22);
INSERT INTO wartosc_oczekiwana (id_wartosci_oczekiwanej, wartosc, id_pytania, id_kierunku) VALUES (886,10,25,22);
INSERT INTO wartosc_oczekiwana (id_wartosci_oczekiwanej, wartosc, id_pytania, id_kierunku) VALUES (887,5,26,22);
INSERT INTO wartosc_oczekiwana (id_wartosci_oczekiwanej, wartosc, id_pytania, id_kierunku) VALUES (888,5,27,22);
INSERT INTO wartosc_oczekiwana (id_wartosci_oczekiwanej, wartosc, id_pytania, id_kierunku) VALUES (889,5,28,22);
INSERT INTO wartosc_oczekiwana (id_wartosci_oczekiwanej, wartosc, id_pytania, id_kierunku) VALUES (890,4,29,22);
INSERT INTO wartosc_oczekiwana (id_wartosci_oczekiwanej, wartosc, id_pytania, id_kierunku) VALUES (891,7,30,22);
INSERT INTO wartosc_oczekiwana (id_wartosci_oczekiwanej, wartosc, id_pytania, id_kierunku) VALUES (892,4,31,22);
INSERT INTO wartosc_oczekiwana (id_wartosci_oczekiwanej, wartosc, id_pytania, id_kierunku) VALUES (893,8,32,22);
INSERT INTO wartosc_oczekiwana (id_wartosci_oczekiwanej, wartosc, id_pytania, id_kierunku) VALUES (894,7,33,22);
INSERT INTO wartosc_oczekiwana (id_wartosci_oczekiwanej, wartosc, id_pytania, id_kierunku) VALUES (895,3,34,22);
INSERT INTO wartosc_oczekiwana (id_wartosci_oczekiwanej, wartosc, id_pytania, id_kierunku) VALUES (896,6,35,22);
INSERT INTO wartosc_oczekiwana (id_wartosci_oczekiwanej, wartosc, id_pytania, id_kierunku) VALUES (897,3,36,22);
INSERT INTO wartosc_oczekiwana (id_wartosci_oczekiwanej, wartosc, id_pytania, id_kierunku) VALUES (898,6,37,22);
INSERT INTO wartosc_oczekiwana (id_wartosci_oczekiwanej, wartosc, id_pytania, id_kierunku) VALUES (899,9,38,22);
INSERT INTO wartosc_oczekiwana (id_wartosci_oczekiwanej, wartosc, id_pytania, id_kierunku) VALUES (900,4,39,22);
INSERT INTO wartosc_oczekiwana (id_wartosci_oczekiwanej, wartosc, id_pytania, id_kierunku) VALUES (901,3,40,22);
INSERT INTO wartosc_oczekiwana (id_wartosci_oczekiwanej, wartosc, id_pytania, id_kierunku) VALUES (902,3,41,22);
INSERT INTO wartosc_oczekiwana (id_wartosci_oczekiwanej, wartosc, id_pytania, id_kierunku) VALUES (903,7,1,23);
INSERT INTO wartosc_oczekiwana (id_wartosci_oczekiwanej, wartosc, id_pytania, id_kierunku) VALUES (904,3,2,23);
INSERT INTO wartosc_oczekiwana (id_wartosci_oczekiwanej, wartosc, id_pytania, id_kierunku) VALUES (905,6,3,23);
INSERT INTO wartosc_oczekiwana (id_wartosci_oczekiwanej, wartosc, id_pytania, id_kierunku) VALUES (906,7,4,23);
INSERT INTO wartosc_oczekiwana (id_wartosci_oczekiwanej, wartosc, id_pytania, id_kierunku) VALUES (907,7,5,23);
INSERT INTO wartosc_oczekiwana (id_wartosci_oczekiwanej, wartosc, id_pytania, id_kierunku) VALUES (908,7,6,23);
INSERT INTO wartosc_oczekiwana (id_wartosci_oczekiwanej, wartosc, id_pytania, id_kierunku) VALUES (909,8,7,23);
INSERT INTO wartosc_oczekiwana (id_wartosci_oczekiwanej, wartosc, id_pytania, id_kierunku) VALUES (910,4,8,23);
INSERT INTO wartosc_oczekiwana (id_wartosci_oczekiwanej, wartosc, id_pytania, id_kierunku) VALUES (911,9,9,23);
INSERT INTO wartosc_oczekiwana (id_wartosci_oczekiwanej, wartosc, id_pytania, id_kierunku) VALUES (912,1,10,23);
INSERT INTO wartosc_oczekiwana (id_wartosci_oczekiwanej, wartosc, id_pytania, id_kierunku) VALUES (913,4,11,23);
INSERT INTO wartosc_oczekiwana (id_wartosci_oczekiwanej, wartosc, id_pytania, id_kierunku) VALUES (914,9,12,23);
INSERT INTO wartosc_oczekiwana (id_wartosci_oczekiwanej, wartosc, id_pytania, id_kierunku) VALUES (915,7,13,23);
INSERT INTO wartosc_oczekiwana (id_wartosci_oczekiwanej, wartosc, id_pytania, id_kierunku) VALUES (916,9,14,23);
INSERT INTO wartosc_oczekiwana (id_wartosci_oczekiwanej, wartosc, id_pytania, id_kierunku) VALUES (917,4,15,23);
INSERT INTO wartosc_oczekiwana (id_wartosci_oczekiwanej, wartosc, id_pytania, id_kierunku) VALUES (918,8,16,23);
INSERT INTO wartosc_oczekiwana (id_wartosci_oczekiwanej, wartosc, id_pytania, id_kierunku) VALUES (919,5,17,23);
INSERT INTO wartosc_oczekiwana (id_wartosci_oczekiwanej, wartosc, id_pytania, id_kierunku) VALUES (920,10,18,23);
INSERT INTO wartosc_oczekiwana (id_wartosci_oczekiwanej, wartosc, id_pytania, id_kierunku) VALUES (921,2,19,23);
INSERT INTO wartosc_oczekiwana (id_wartosci_oczekiwanej, wartosc, id_pytania, id_kierunku) VALUES (922,1,20,23);
INSERT INTO wartosc_oczekiwana (id_wartosci_oczekiwanej, wartosc, id_pytania, id_kierunku) VALUES (923,10,21,23);
INSERT INTO wartosc_oczekiwana (id_wartosci_oczekiwanej, wartosc, id_pytania, id_kierunku) VALUES (924,5,22,23);
INSERT INTO wartosc_oczekiwana (id_wartosci_oczekiwanej, wartosc, id_pytania, id_kierunku) VALUES (925,1,23,23);
INSERT INTO wartosc_oczekiwana (id_wartosci_oczekiwanej, wartosc, id_pytania, id_kierunku) VALUES (926,1,24,23);
INSERT INTO wartosc_oczekiwana (id_wartosci_oczekiwanej, wartosc, id_pytania, id_kierunku) VALUES (927,6,25,23);
INSERT INTO wartosc_oczekiwana (id_wartosci_oczekiwanej, wartosc, id_pytania, id_kierunku) VALUES (928,10,26,23);
INSERT INTO wartosc_oczekiwana (id_wartosci_oczekiwanej, wartosc, id_pytania, id_kierunku) VALUES (929,9,27,23);
INSERT INTO wartosc_oczekiwana (id_wartosci_oczekiwanej, wartosc, id_pytania, id_kierunku) VALUES (930,3,28,23);
INSERT INTO wartosc_oczekiwana (id_wartosci_oczekiwanej, wartosc, id_pytania, id_kierunku) VALUES (931,9,29,23);
INSERT INTO wartosc_oczekiwana (id_wartosci_oczekiwanej, wartosc, id_pytania, id_kierunku) VALUES (932,1,30,23);
INSERT INTO wartosc_oczekiwana (id_wartosci_oczekiwanej, wartosc, id_pytania, id_kierunku) VALUES (933,7,31,23);
INSERT INTO wartosc_oczekiwana (id_wartosci_oczekiwanej, wartosc, id_pytania, id_kierunku) VALUES (934,7,32,23);
INSERT INTO wartosc_oczekiwana (id_wartosci_oczekiwanej, wartosc, id_pytania, id_kierunku) VALUES (935,1,33,23);
INSERT INTO wartosc_oczekiwana (id_wartosci_oczekiwanej, wartosc, id_pytania, id_kierunku) VALUES (936,9,34,23);
INSERT INTO wartosc_oczekiwana (id_wartosci_oczekiwanej, wartosc, id_pytania, id_kierunku) VALUES (937,4,35,23);
INSERT INTO wartosc_oczekiwana (id_wartosci_oczekiwanej, wartosc, id_pytania, id_kierunku) VALUES (938,7,36,23);
INSERT INTO wartosc_oczekiwana (id_wartosci_oczekiwanej, wartosc, id_pytania, id_kierunku) VALUES (939,1,37,23);
INSERT INTO wartosc_oczekiwana (id_wartosci_oczekiwanej, wartosc, id_pytania, id_kierunku) VALUES (940,8,38,23);
INSERT INTO wartosc_oczekiwana (id_wartosci_oczekiwanej, wartosc, id_pytania, id_kierunku) VALUES (941,8,39,23);
INSERT INTO wartosc_oczekiwana (id_wartosci_oczekiwanej, wartosc, id_pytania, id_kierunku) VALUES (942,5,40,23);
INSERT INTO wartosc_oczekiwana (id_wartosci_oczekiwanej, wartosc, id_pytania, id_kierunku) VALUES (943,4,41,23);
INSERT INTO wartosc_oczekiwana (id_wartosci_oczekiwanej, wartosc, id_pytania, id_kierunku) VALUES (944,4,1,24);
INSERT INTO wartosc_oczekiwana (id_wartosci_oczekiwanej, wartosc, id_pytania, id_kierunku) VALUES (945,8,2,24);
INSERT INTO wartosc_oczekiwana (id_wartosci_oczekiwanej, wartosc, id_pytania, id_kierunku) VALUES (946,6,3,24);
INSERT INTO wartosc_oczekiwana (id_wartosci_oczekiwanej, wartosc, id_pytania, id_kierunku) VALUES (947,10,4,24);
INSERT INTO wartosc_oczekiwana (id_wartosci_oczekiwanej, wartosc, id_pytania, id_kierunku) VALUES (948,10,5,24);
INSERT INTO wartosc_oczekiwana (id_wartosci_oczekiwanej, wartosc, id_pytania, id_kierunku) VALUES (949,1,6,24);
INSERT INTO wartosc_oczekiwana (id_wartosci_oczekiwanej, wartosc, id_pytania, id_kierunku) VALUES (950,8,7,24);
INSERT INTO wartosc_oczekiwana (id_wartosci_oczekiwanej, wartosc, id_pytania, id_kierunku) VALUES (951,5,8,24);
INSERT INTO wartosc_oczekiwana (id_wartosci_oczekiwanej, wartosc, id_pytania, id_kierunku) VALUES (952,10,9,24);
INSERT INTO wartosc_oczekiwana (id_wartosci_oczekiwanej, wartosc, id_pytania, id_kierunku) VALUES (953,10,10,24);
INSERT INTO wartosc_oczekiwana (id_wartosci_oczekiwanej, wartosc, id_pytania, id_kierunku) VALUES (954,4,11,24);
INSERT INTO wartosc_oczekiwana (id_wartosci_oczekiwanej, wartosc, id_pytania, id_kierunku) VALUES (955,6,12,24);
INSERT INTO wartosc_oczekiwana (id_wartosci_oczekiwanej, wartosc, id_pytania, id_kierunku) VALUES (956,7,13,24);
INSERT INTO wartosc_oczekiwana (id_wartosci_oczekiwanej, wartosc, id_pytania, id_kierunku) VALUES (957,2,14,24);
INSERT INTO wartosc_oczekiwana (id_wartosci_oczekiwanej, wartosc, id_pytania, id_kierunku) VALUES (958,5,15,24);
INSERT INTO wartosc_oczekiwana (id_wartosci_oczekiwanej, wartosc, id_pytania, id_kierunku) VALUES (959,9,16,24);
INSERT INTO wartosc_oczekiwana (id_wartosci_oczekiwanej, wartosc, id_pytania, id_kierunku) VALUES (960,6,17,24);
INSERT INTO wartosc_oczekiwana (id_wartosci_oczekiwanej, wartosc, id_pytania, id_kierunku) VALUES (961,7,18,24);
INSERT INTO wartosc_oczekiwana (id_wartosci_oczekiwanej, wartosc, id_pytania, id_kierunku) VALUES (962,6,19,24);
INSERT INTO wartosc_oczekiwana (id_wartosci_oczekiwanej, wartosc, id_pytania, id_kierunku) VALUES (963,6,20,24);
INSERT INTO wartosc_oczekiwana (id_wartosci_oczekiwanej, wartosc, id_pytania, id_kierunku) VALUES (964,7,21,24);
INSERT INTO wartosc_oczekiwana (id_wartosci_oczekiwanej, wartosc, id_pytania, id_kierunku) VALUES (965,5,22,24);
INSERT INTO wartosc_oczekiwana (id_wartosci_oczekiwanej, wartosc, id_pytania, id_kierunku) VALUES (966,6,23,24);
INSERT INTO wartosc_oczekiwana (id_wartosci_oczekiwanej, wartosc, id_pytania, id_kierunku) VALUES (967,4,24,24);
INSERT INTO wartosc_oczekiwana (id_wartosci_oczekiwanej, wartosc, id_pytania, id_kierunku) VALUES (968,7,25,24);
INSERT INTO wartosc_oczekiwana (id_wartosci_oczekiwanej, wartosc, id_pytania, id_kierunku) VALUES (969,9,26,24);
INSERT INTO wartosc_oczekiwana (id_wartosci_oczekiwanej, wartosc, id_pytania, id_kierunku) VALUES (970,9,27,24);
INSERT INTO wartosc_oczekiwana (id_wartosci_oczekiwanej, wartosc, id_pytania, id_kierunku) VALUES (971,10,28,24);
INSERT INTO wartosc_oczekiwana (id_wartosci_oczekiwanej, wartosc, id_pytania, id_kierunku) VALUES (972,8,29,24);
INSERT INTO wartosc_oczekiwana (id_wartosci_oczekiwanej, wartosc, id_pytania, id_kierunku) VALUES (973,1,30,24);
INSERT INTO wartosc_oczekiwana (id_wartosci_oczekiwanej, wartosc, id_pytania, id_kierunku) VALUES (974,7,31,24);
INSERT INTO wartosc_oczekiwana (id_wartosci_oczekiwanej, wartosc, id_pytania, id_kierunku) VALUES (975,5,32,24);
INSERT INTO wartosc_oczekiwana (id_wartosci_oczekiwanej, wartosc, id_pytania, id_kierunku) VALUES (976,6,33,24);
INSERT INTO wartosc_oczekiwana (id_wartosci_oczekiwanej, wartosc, id_pytania, id_kierunku) VALUES (977,7,34,24);
INSERT INTO wartosc_oczekiwana (id_wartosci_oczekiwanej, wartosc, id_pytania, id_kierunku) VALUES (978,1,35,24);
INSERT INTO wartosc_oczekiwana (id_wartosci_oczekiwanej, wartosc, id_pytania, id_kierunku) VALUES (979,1,36,24);
INSERT INTO wartosc_oczekiwana (id_wartosci_oczekiwanej, wartosc, id_pytania, id_kierunku) VALUES (980,1,37,24);
INSERT INTO wartosc_oczekiwana (id_wartosci_oczekiwanej, wartosc, id_pytania, id_kierunku) VALUES (981,8,38,24);
INSERT INTO wartosc_oczekiwana (id_wartosci_oczekiwanej, wartosc, id_pytania, id_kierunku) VALUES (982,6,39,24);
INSERT INTO wartosc_oczekiwana (id_wartosci_oczekiwanej, wartosc, id_pytania, id_kierunku) VALUES (983,10,40,24);
INSERT INTO wartosc_oczekiwana (id_wartosci_oczekiwanej, wartosc, id_pytania, id_kierunku) VALUES (984,1,41,24);
INSERT INTO wartosc_oczekiwana (id_wartosci_oczekiwanej, wartosc, id_pytania, id_kierunku) VALUES (985,9,1,25);
INSERT INTO wartosc_oczekiwana (id_wartosci_oczekiwanej, wartosc, id_pytania, id_kierunku) VALUES (986,2,2,25);
INSERT INTO wartosc_oczekiwana (id_wartosci_oczekiwanej, wartosc, id_pytania, id_kierunku) VALUES (987,6,3,25);
INSERT INTO wartosc_oczekiwana (id_wartosci_oczekiwanej, wartosc, id_pytania, id_kierunku) VALUES (988,1,4,25);
INSERT INTO wartosc_oczekiwana (id_wartosci_oczekiwanej, wartosc, id_pytania, id_kierunku) VALUES (989,10,5,25);
INSERT INTO wartosc_oczekiwana (id_wartosci_oczekiwanej, wartosc, id_pytania, id_kierunku) VALUES (990,2,6,25);
INSERT INTO wartosc_oczekiwana (id_wartosci_oczekiwanej, wartosc, id_pytania, id_kierunku) VALUES (991,4,7,25);
INSERT INTO wartosc_oczekiwana (id_wartosci_oczekiwanej, wartosc, id_pytania, id_kierunku) VALUES (992,9,8,25);
INSERT INTO wartosc_oczekiwana (id_wartosci_oczekiwanej, wartosc, id_pytania, id_kierunku) VALUES (993,5,9,25);
INSERT INTO wartosc_oczekiwana (id_wartosci_oczekiwanej, wartosc, id_pytania, id_kierunku) VALUES (994,1,10,25);
INSERT INTO wartosc_oczekiwana (id_wartosci_oczekiwanej, wartosc, id_pytania, id_kierunku) VALUES (995,2,11,25);
INSERT INTO wartosc_oczekiwana (id_wartosci_oczekiwanej, wartosc, id_pytania, id_kierunku) VALUES (996,7,12,25);
INSERT INTO wartosc_oczekiwana (id_wartosci_oczekiwanej, wartosc, id_pytania, id_kierunku) VALUES (997,10,13,25);
INSERT INTO wartosc_oczekiwana (id_wartosci_oczekiwanej, wartosc, id_pytania, id_kierunku) VALUES (998,6,14,25);
INSERT INTO wartosc_oczekiwana (id_wartosci_oczekiwanej, wartosc, id_pytania, id_kierunku) VALUES (999,5,15,25);
INSERT INTO wartosc_oczekiwana (id_wartosci_oczekiwanej, wartosc, id_pytania, id_kierunku) VALUES (1000,6,16,25);
INSERT INTO wartosc_oczekiwana (id_wartosci_oczekiwanej, wartosc, id_pytania, id_kierunku) VALUES (1001,9,17,25);
INSERT INTO wartosc_oczekiwana (id_wartosci_oczekiwanej, wartosc, id_pytania, id_kierunku) VALUES (1002,9,18,25);
INSERT INTO wartosc_oczekiwana (id_wartosci_oczekiwanej, wartosc, id_pytania, id_kierunku) VALUES (1003,7,19,25);
INSERT INTO wartosc_oczekiwana (id_wartosci_oczekiwanej, wartosc, id_pytania, id_kierunku) VALUES (1004,10,20,25);
INSERT INTO wartosc_oczekiwana (id_wartosci_oczekiwanej, wartosc, id_pytania, id_kierunku) VALUES (1005,10,21,25);
INSERT INTO wartosc_oczekiwana (id_wartosci_oczekiwanej, wartosc, id_pytania, id_kierunku) VALUES (1006,7,22,25);
INSERT INTO wartosc_oczekiwana (id_wartosci_oczekiwanej, wartosc, id_pytania, id_kierunku) VALUES (1007,5,23,25);
INSERT INTO wartosc_oczekiwana (id_wartosci_oczekiwanej, wartosc, id_pytania, id_kierunku) VALUES (1008,8,24,25);
INSERT INTO wartosc_oczekiwana (id_wartosci_oczekiwanej, wartosc, id_pytania, id_kierunku) VALUES (1009,1,25,25);
INSERT INTO wartosc_oczekiwana (id_wartosci_oczekiwanej, wartosc, id_pytania, id_kierunku) VALUES (1010,8,26,25);
INSERT INTO wartosc_oczekiwana (id_wartosci_oczekiwanej, wartosc, id_pytania, id_kierunku) VALUES (1011,9,27,25);
INSERT INTO wartosc_oczekiwana (id_wartosci_oczekiwanej, wartosc, id_pytania, id_kierunku) VALUES (1012,6,28,25);
INSERT INTO wartosc_oczekiwana (id_wartosci_oczekiwanej, wartosc, id_pytania, id_kierunku) VALUES (1013,7,29,25);
INSERT INTO wartosc_oczekiwana (id_wartosci_oczekiwanej, wartosc, id_pytania, id_kierunku) VALUES (1014,4,30,25);
INSERT INTO wartosc_oczekiwana (id_wartosci_oczekiwanej, wartosc, id_pytania, id_kierunku) VALUES (1015,2,31,25);
INSERT INTO wartosc_oczekiwana (id_wartosci_oczekiwanej, wartosc, id_pytania, id_kierunku) VALUES (1016,4,32,25);
INSERT INTO wartosc_oczekiwana (id_wartosci_oczekiwanej, wartosc, id_pytania, id_kierunku) VALUES (1017,9,33,25);
INSERT INTO wartosc_oczekiwana (id_wartosci_oczekiwanej, wartosc, id_pytania, id_kierunku) VALUES (1018,9,34,25);
INSERT INTO wartosc_oczekiwana (id_wartosci_oczekiwanej, wartosc, id_pytania, id_kierunku) VALUES (1019,9,35,25);
INSERT INTO wartosc_oczekiwana (id_wartosci_oczekiwanej, wartosc, id_pytania, id_kierunku) VALUES (1020,3,36,25);
INSERT INTO wartosc_oczekiwana (id_wartosci_oczekiwanej, wartosc, id_pytania, id_kierunku) VALUES (1021,8,37,25);
INSERT INTO wartosc_oczekiwana (id_wartosci_oczekiwanej, wartosc, id_pytania, id_kierunku) VALUES (1022,1,38,25);
INSERT INTO wartosc_oczekiwana (id_wartosci_oczekiwanej, wartosc, id_pytania, id_kierunku) VALUES (1023,10,39,25);
INSERT INTO wartosc_oczekiwana (id_wartosci_oczekiwanej, wartosc, id_pytania, id_kierunku) VALUES (1024,9,40,25);
INSERT INTO wartosc_oczekiwana (id_wartosci_oczekiwanej, wartosc, id_pytania, id_kierunku) VALUES (1025,9,41,25);
INSERT INTO wartosc_oczekiwana (id_wartosci_oczekiwanej, wartosc, id_pytania, id_kierunku) VALUES (1026,8,1,26);
INSERT INTO wartosc_oczekiwana (id_wartosci_oczekiwanej, wartosc, id_pytania, id_kierunku) VALUES (1027,10,2,26);
INSERT INTO wartosc_oczekiwana (id_wartosci_oczekiwanej, wartosc, id_pytania, id_kierunku) VALUES (1028,1,3,26);
INSERT INTO wartosc_oczekiwana (id_wartosci_oczekiwanej, wartosc, id_pytania, id_kierunku) VALUES (1029,4,4,26);
INSERT INTO wartosc_oczekiwana (id_wartosci_oczekiwanej, wartosc, id_pytania, id_kierunku) VALUES (1030,3,5,26);
INSERT INTO wartosc_oczekiwana (id_wartosci_oczekiwanej, wartosc, id_pytania, id_kierunku) VALUES (1031,4,6,26);
INSERT INTO wartosc_oczekiwana (id_wartosci_oczekiwanej, wartosc, id_pytania, id_kierunku) VALUES (1032,4,7,26);
INSERT INTO wartosc_oczekiwana (id_wartosci_oczekiwanej, wartosc, id_pytania, id_kierunku) VALUES (1033,5,8,26);
INSERT INTO wartosc_oczekiwana (id_wartosci_oczekiwanej, wartosc, id_pytania, id_kierunku) VALUES (1034,10,9,26);
INSERT INTO wartosc_oczekiwana (id_wartosci_oczekiwanej, wartosc, id_pytania, id_kierunku) VALUES (1035,3,10,26);
INSERT INTO wartosc_oczekiwana (id_wartosci_oczekiwanej, wartosc, id_pytania, id_kierunku) VALUES (1036,9,11,26);
INSERT INTO wartosc_oczekiwana (id_wartosci_oczekiwanej, wartosc, id_pytania, id_kierunku) VALUES (1037,5,12,26);
INSERT INTO wartosc_oczekiwana (id_wartosci_oczekiwanej, wartosc, id_pytania, id_kierunku) VALUES (1038,3,13,26);
INSERT INTO wartosc_oczekiwana (id_wartosci_oczekiwanej, wartosc, id_pytania, id_kierunku) VALUES (1039,5,14,26);
INSERT INTO wartosc_oczekiwana (id_wartosci_oczekiwanej, wartosc, id_pytania, id_kierunku) VALUES (1040,9,15,26);
INSERT INTO wartosc_oczekiwana (id_wartosci_oczekiwanej, wartosc, id_pytania, id_kierunku) VALUES (1041,3,16,26);
INSERT INTO wartosc_oczekiwana (id_wartosci_oczekiwanej, wartosc, id_pytania, id_kierunku) VALUES (1042,3,17,26);
INSERT INTO wartosc_oczekiwana (id_wartosci_oczekiwanej, wartosc, id_pytania, id_kierunku) VALUES (1043,3,18,26);
INSERT INTO wartosc_oczekiwana (id_wartosci_oczekiwanej, wartosc, id_pytania, id_kierunku) VALUES (1044,3,19,26);
INSERT INTO wartosc_oczekiwana (id_wartosci_oczekiwanej, wartosc, id_pytania, id_kierunku) VALUES (1045,4,20,26);
INSERT INTO wartosc_oczekiwana (id_wartosci_oczekiwanej, wartosc, id_pytania, id_kierunku) VALUES (1046,3,21,26);
INSERT INTO wartosc_oczekiwana (id_wartosci_oczekiwanej, wartosc, id_pytania, id_kierunku) VALUES (1047,7,22,26);
INSERT INTO wartosc_oczekiwana (id_wartosci_oczekiwanej, wartosc, id_pytania, id_kierunku) VALUES (1048,4,23,26);
INSERT INTO wartosc_oczekiwana (id_wartosci_oczekiwanej, wartosc, id_pytania, id_kierunku) VALUES (1049,4,24,26);
INSERT INTO wartosc_oczekiwana (id_wartosci_oczekiwanej, wartosc, id_pytania, id_kierunku) VALUES (1050,9,25,26);
INSERT INTO wartosc_oczekiwana (id_wartosci_oczekiwanej, wartosc, id_pytania, id_kierunku) VALUES (1051,10,26,26);
INSERT INTO wartosc_oczekiwana (id_wartosci_oczekiwanej, wartosc, id_pytania, id_kierunku) VALUES (1052,2,27,26);
INSERT INTO wartosc_oczekiwana (id_wartosci_oczekiwanej, wartosc, id_pytania, id_kierunku) VALUES (1053,4,28,26);
INSERT INTO wartosc_oczekiwana (id_wartosci_oczekiwanej, wartosc, id_pytania, id_kierunku) VALUES (1054,1,29,26);
INSERT INTO wartosc_oczekiwana (id_wartosci_oczekiwanej, wartosc, id_pytania, id_kierunku) VALUES (1055,6,30,26);
INSERT INTO wartosc_oczekiwana (id_wartosci_oczekiwanej, wartosc, id_pytania, id_kierunku) VALUES (1056,8,31,26);
INSERT INTO wartosc_oczekiwana (id_wartosci_oczekiwanej, wartosc, id_pytania, id_kierunku) VALUES (1057,7,32,26);
INSERT INTO wartosc_oczekiwana (id_wartosci_oczekiwanej, wartosc, id_pytania, id_kierunku) VALUES (1058,9,33,26);
INSERT INTO wartosc_oczekiwana (id_wartosci_oczekiwanej, wartosc, id_pytania, id_kierunku) VALUES (1059,7,34,26);
INSERT INTO wartosc_oczekiwana (id_wartosci_oczekiwanej, wartosc, id_pytania, id_kierunku) VALUES (1060,3,35,26);
INSERT INTO wartosc_oczekiwana (id_wartosci_oczekiwanej, wartosc, id_pytania, id_kierunku) VALUES (1061,1,36,26);
INSERT INTO wartosc_oczekiwana (id_wartosci_oczekiwanej, wartosc, id_pytania, id_kierunku) VALUES (1062,4,37,26);
INSERT INTO wartosc_oczekiwana (id_wartosci_oczekiwanej, wartosc, id_pytania, id_kierunku) VALUES (1063,6,38,26);
INSERT INTO wartosc_oczekiwana (id_wartosci_oczekiwanej, wartosc, id_pytania, id_kierunku) VALUES (1064,3,39,26);
INSERT INTO wartosc_oczekiwana (id_wartosci_oczekiwanej, wartosc, id_pytania, id_kierunku) VALUES (1065,4,40,26);
INSERT INTO wartosc_oczekiwana (id_wartosci_oczekiwanej, wartosc, id_pytania, id_kierunku) VALUES (1066,2,41,26);
INSERT INTO wartosc_oczekiwana (id_wartosci_oczekiwanej, wartosc, id_pytania, id_kierunku) VALUES (1067,10,1,27);
INSERT INTO wartosc_oczekiwana (id_wartosci_oczekiwanej, wartosc, id_pytania, id_kierunku) VALUES (1068,5,2,27);
INSERT INTO wartosc_oczekiwana (id_wartosci_oczekiwanej, wartosc, id_pytania, id_kierunku) VALUES (1069,1,3,27);
INSERT INTO wartosc_oczekiwana (id_wartosci_oczekiwanej, wartosc, id_pytania, id_kierunku) VALUES (1070,7,4,27);
INSERT INTO wartosc_oczekiwana (id_wartosci_oczekiwanej, wartosc, id_pytania, id_kierunku) VALUES (1071,5,5,27);
INSERT INTO wartosc_oczekiwana (id_wartosci_oczekiwanej, wartosc, id_pytania, id_kierunku) VALUES (1072,9,6,27);
INSERT INTO wartosc_oczekiwana (id_wartosci_oczekiwanej, wartosc, id_pytania, id_kierunku) VALUES (1073,9,7,27);
INSERT INTO wartosc_oczekiwana (id_wartosci_oczekiwanej, wartosc, id_pytania, id_kierunku) VALUES (1074,2,8,27);
INSERT INTO wartosc_oczekiwana (id_wartosci_oczekiwanej, wartosc, id_pytania, id_kierunku) VALUES (1075,8,9,27);
INSERT INTO wartosc_oczekiwana (id_wartosci_oczekiwanej, wartosc, id_pytania, id_kierunku) VALUES (1076,9,10,27);
INSERT INTO wartosc_oczekiwana (id_wartosci_oczekiwanej, wartosc, id_pytania, id_kierunku) VALUES (1077,3,11,27);
INSERT INTO wartosc_oczekiwana (id_wartosci_oczekiwanej, wartosc, id_pytania, id_kierunku) VALUES (1078,1,12,27);
INSERT INTO wartosc_oczekiwana (id_wartosci_oczekiwanej, wartosc, id_pytania, id_kierunku) VALUES (1079,4,13,27);
INSERT INTO wartosc_oczekiwana (id_wartosci_oczekiwanej, wartosc, id_pytania, id_kierunku) VALUES (1080,3,14,27);
INSERT INTO wartosc_oczekiwana (id_wartosci_oczekiwanej, wartosc, id_pytania, id_kierunku) VALUES (1081,9,15,27);
INSERT INTO wartosc_oczekiwana (id_wartosci_oczekiwanej, wartosc, id_pytania, id_kierunku) VALUES (1082,10,16,27);
INSERT INTO wartosc_oczekiwana (id_wartosci_oczekiwanej, wartosc, id_pytania, id_kierunku) VALUES (1083,2,17,27);
INSERT INTO wartosc_oczekiwana (id_wartosci_oczekiwanej, wartosc, id_pytania, id_kierunku) VALUES (1084,7,18,27);
INSERT INTO wartosc_oczekiwana (id_wartosci_oczekiwanej, wartosc, id_pytania, id_kierunku) VALUES (1085,8,19,27);
INSERT INTO wartosc_oczekiwana (id_wartosci_oczekiwanej, wartosc, id_pytania, id_kierunku) VALUES (1086,9,20,27);
INSERT INTO wartosc_oczekiwana (id_wartosci_oczekiwanej, wartosc, id_pytania, id_kierunku) VALUES (1087,9,21,27);
INSERT INTO wartosc_oczekiwana (id_wartosci_oczekiwanej, wartosc, id_pytania, id_kierunku) VALUES (1088,9,22,27);
INSERT INTO wartosc_oczekiwana (id_wartosci_oczekiwanej, wartosc, id_pytania, id_kierunku) VALUES (1089,9,23,27);
INSERT INTO wartosc_oczekiwana (id_wartosci_oczekiwanej, wartosc, id_pytania, id_kierunku) VALUES (1090,1,24,27);
INSERT INTO wartosc_oczekiwana (id_wartosci_oczekiwanej, wartosc, id_pytania, id_kierunku) VALUES (1091,2,25,27);
INSERT INTO wartosc_oczekiwana (id_wartosci_oczekiwanej, wartosc, id_pytania, id_kierunku) VALUES (1092,8,26,27);
INSERT INTO wartosc_oczekiwana (id_wartosci_oczekiwanej, wartosc, id_pytania, id_kierunku) VALUES (1093,7,27,27);
INSERT INTO wartosc_oczekiwana (id_wartosci_oczekiwanej, wartosc, id_pytania, id_kierunku) VALUES (1094,2,28,27);
INSERT INTO wartosc_oczekiwana (id_wartosci_oczekiwanej, wartosc, id_pytania, id_kierunku) VALUES (1095,4,29,27);
INSERT INTO wartosc_oczekiwana (id_wartosci_oczekiwanej, wartosc, id_pytania, id_kierunku) VALUES (1096,6,30,27);
INSERT INTO wartosc_oczekiwana (id_wartosci_oczekiwanej, wartosc, id_pytania, id_kierunku) VALUES (1097,6,31,27);
INSERT INTO wartosc_oczekiwana (id_wartosci_oczekiwanej, wartosc, id_pytania, id_kierunku) VALUES (1098,7,32,27);
INSERT INTO wartosc_oczekiwana (id_wartosci_oczekiwanej, wartosc, id_pytania, id_kierunku) VALUES (1099,9,33,27);
INSERT INTO wartosc_oczekiwana (id_wartosci_oczekiwanej, wartosc, id_pytania, id_kierunku) VALUES (1100,3,34,27);
INSERT INTO wartosc_oczekiwana (id_wartosci_oczekiwanej, wartosc, id_pytania, id_kierunku) VALUES (1101,5,35,27);
INSERT INTO wartosc_oczekiwana (id_wartosci_oczekiwanej, wartosc, id_pytania, id_kierunku) VALUES (1102,4,36,27);
INSERT INTO wartosc_oczekiwana (id_wartosci_oczekiwanej, wartosc, id_pytania, id_kierunku) VALUES (1103,6,37,27);
INSERT INTO wartosc_oczekiwana (id_wartosci_oczekiwanej, wartosc, id_pytania, id_kierunku) VALUES (1104,2,38,27);
INSERT INTO wartosc_oczekiwana (id_wartosci_oczekiwanej, wartosc, id_pytania, id_kierunku) VALUES (1105,7,39,27);
INSERT INTO wartosc_oczekiwana (id_wartosci_oczekiwanej, wartosc, id_pytania, id_kierunku) VALUES (1106,6,40,27);
INSERT INTO wartosc_oczekiwana (id_wartosci_oczekiwanej, wartosc, id_pytania, id_kierunku) VALUES (1107,6,41,27);


